Date,Page,Content_Type,Keyword,Device,Country,Impressions,Clicks,CTR,Bounce_Rate,Time_on_Page_sec,Backlinks,Conversions,Revenue
2025-05-29,Page 1,Blog,growth,Desktop,Germany,4985,70,0.014,0.53,222.9,10,46,2021.46
2025-09-17,Page 19,Product Page,analytics,Tablet,Germany,223,22,0.099,0.52,49.9,24,4,83.52
2025-06-02,Page 18,Product Page,strategy,Mobile,Canada,2566,301,0.117,0.25,229.3,45,234,8415.63
2025-08-16,Page 1,Blog,marketing,Mobile,Germany,2856,698,0.244,0.36,173.6,17,96,3364.48
2025-08-01,Page 8,Blog,strategy,Mobile,UK,373,47,0.126,0.43,83.2,2,13,163.29
2025-05-14,Page 20,Case Study,marketing,Desktop,Germany,4441,769,0.173,0.33,283.8,40,308,14407.1
2025-09-08,Page 6,Case Study,data,Tablet,USA,2816,396,0.141,0.6,268.4,3,235,6182.3
2025-03-24,Page 16,Landing Page,SEO,Desktop,UK,1528,341,0.223,0.57,39.4,48,160,2574.77
2025-01-04,Page 11,FAQ,SEO,Mobile,Australia,612,110,0.18,0.33,178.5,7,65,2274.07
2025-07-23,Page 10,Case Study,conversion,Desktop,Germany,4363,975,0.223,0.48,202.5,26,518,12756.06
2025-09-01,Page 18,Case Study,data,Desktop,UK,3469,857,0.247,0.62,285.7,21,406,19885.54
2025-08-16,Page 13,Landing Page,data,Tablet,Canada,2535,598,0.236,0.26,160.6,23,147,1077.0
2025-10-28,Page 3,Blog,SEO,Mobile,India,2284,143,0.063,0.48,215.9,3,94,3420.84
2025-09-10,Page 7,FAQ,conversion,Mobile,Germany,4859,223,0.046,0.2,148.8,44,78,2035.52
2025-08-21,Page 4,Blog,data,Desktop,Australia,2404,175,0.073,0.42,242.3,44,154,3715.78
2025-09-12,Page 19,Case Study,data,Mobile,India,4943,1066,0.216,0.28,155.2,33,201,4470.51
2025-01-05,Page 4,Landing Page,conversion,Desktop,Germany,4702,976,0.208,0.24,181.4,42,174,7058.85
2025-03-27,Page 4,Blog,marketing,Tablet,India,4010,811,0.202,0.58,97.6,37,766,34284.65
2025-04-19,Page 12,Blog,growth,Mobile,India,2173,111,0.051,0.55,221.8,14,95,2979.05
2025-01-04,Page 12,Case Study,strategy,Mobile,Germany,2110,100,0.047,0.51,101.7,2,47,1885.01
2025-05-24,Page 5,Case Study,SEO,Tablet,UK,1620,111,0.069,0.65,187.4,23,24,1091.25
2025-02-01,Page 14,Product Page,growth,Mobile,USA,3029,96,0.032,0.47,171.0,43,0,0.0
2025-10-22,Page 19,Product Page,data,Mobile,India,3701,757,0.205,0.34,199.7,35,513,16992.28
2025-02-09,Page 18,FAQ,marketing,Desktop,Germany,4962,703,0.142,0.31,38.2,19,104,4578.92
2025-11-03,Page 13,FAQ,SEO,Desktop,Germany,817,18,0.022,0.23,114.7,11,18,850.16
2025-02-28,Page 7,FAQ,SEO,Mobile,Germany,605,77,0.127,0.33,132.7,17,26,438.59
2025-11-15,Page 9,Landing Page,SEO,Desktop,India,831,167,0.201,0.62,137.9,0,13,306.26
2025-10-22,Page 7,Blog,marketing,Mobile,Germany,4330,626,0.145,0.62,247.9,13,117,4086.39
2025-02-14,Page 17,Product Page,analytics,Desktop,Australia,3137,779,0.248,0.66,265.8,24,599,6437.69
2025-11-09,Page 16,FAQ,analytics,Mobile,India,4727,958,0.203,0.49,53.5,7,665,25335.78
2025-08-11,Page 7,FAQ,analytics,Mobile,UK,672,26,0.039,0.39,62.2,10,25,1243.09
2025-04-06,Page 17,Blog,marketing,Mobile,Australia,4605,348,0.076,0.34,226.2,41,327,10667.0
2025-09-09,Page 16,Product Page,SEO,Tablet,Canada,4317,991,0.23,0.67,156.2,24,161,4503.68
2025-04-12,Page 18,Product Page,analytics,Mobile,UK,1598,84,0.053,0.67,102.5,17,46,2190.67
2025-04-24,Page 1,Blog,analytics,Mobile,USA,1527,122,0.08,0.29,276.1,1,73,2546.04
2025-09-17,Page 1,Landing Page,SEO,Mobile,Canada,4637,966,0.208,0.36,91.1,12,381,12624.12
2025-10-24,Page 2,Product Page,strategy,Desktop,Germany,3875,479,0.124,0.38,228.6,8,45,2110.48
2025-05-02,Page 3,Case Study,marketing,Tablet,UK,2477,593,0.239,0.57,173.2,41,382,5247.98
2025-10-24,Page 10,FAQ,growth,Tablet,UK,4211,424,0.101,0.26,160.9,34,316,5374.57
2025-06-22,Page 13,Product Page,strategy,Mobile,USA,1969,261,0.133,0.39,141.3,18,89,4321.46
2025-08-12,Page 19,Landing Page,growth,Desktop,UK,2584,374,0.145,0.27,119.5,48,88,4278.55
2025-05-12,Page 16,Case Study,data,Tablet,USA,4465,368,0.082,0.24,290.9,40,87,2096.99
2025-01-29,Page 14,Case Study,strategy,Tablet,Australia,1356,130,0.096,0.22,280.0,22,46,486.2
2025-03-03,Page 16,Landing Page,strategy,Desktop,Canada,2246,438,0.195,0.29,123.7,30,281,9659.13
2025-07-16,Page 13,Product Page,data,Desktop,USA,3449,491,0.142,0.36,286.8,0,59,1458.6
2025-06-10,Page 19,Case Study,data,Desktop,Australia,3275,421,0.129,0.29,294.5,43,415,19201.41
2025-08-30,Page 7,Case Study,growth,Mobile,Australia,2248,124,0.055,0.2,105.1,28,71,1229.49
2025-07-16,Page 1,FAQ,growth,Mobile,Germany,4882,158,0.032,0.62,200.7,23,57,2726.52
2025-01-23,Page 14,FAQ,data,Desktop,Canada,1672,320,0.191,0.64,58.1,35,280,5954.59
2025-09-19,Page 8,Product Page,conversion,Mobile,USA,954,70,0.073,0.53,212.7,23,8,378.09
2025-06-24,Page 8,Blog,conversion,Desktop,Germany,997,57,0.057,0.65,279.4,6,32,256.26
2025-07-18,Page 9,Case Study,strategy,Tablet,Australia,4092,1008,0.246,0.39,203.2,47,450,14098.88
2025-01-27,Page 1,Case Study,data,Tablet,USA,784,58,0.074,0.54,91.6,32,40,490.66
2025-01-11,Page 10,Blog,SEO,Mobile,Australia,1928,344,0.178,0.48,237.9,12,226,10117.21
2025-03-28,Page 1,Landing Page,growth,Mobile,Canada,883,52,0.059,0.57,94.5,26,40,805.79
2025-05-26,Page 4,Landing Page,analytics,Mobile,Canada,3797,732,0.193,0.36,297.5,40,216,2794.62
2025-07-12,Page 11,FAQ,conversion,Desktop,USA,3081,106,0.034,0.48,199.8,14,24,838.11
2025-11-13,Page 3,Blog,growth,Desktop,Australia,1730,143,0.083,0.27,144.8,28,0,0.0
2025-02-17,Page 20,Product Page,data,Desktop,Australia,2656,352,0.133,0.67,239.6,44,258,10517.1
2025-02-17,Page 17,Product Page,marketing,Mobile,India,4649,286,0.062,0.64,131.3,41,82,1941.97
2025-01-02,Page 6,Case Study,SEO,Tablet,USA,992,246,0.248,0.42,34.4,32,245,10940.23
2025-07-24,Page 5,Landing Page,strategy,Desktop,Australia,4475,473,0.106,0.62,248.5,29,418,2498.72
2025-08-28,Page 3,Blog,conversion,Mobile,India,4440,56,0.013,0.52,285.9,34,21,785.1
2025-09-23,Page 17,Blog,marketing,Tablet,Canada,189,41,0.217,0.32,178.9,0,9,120.44
2025-09-19,Page 13,Product Page,conversion,Tablet,Canada,2328,53,0.023,0.65,290.7,33,34,554.9
2025-03-30,Page 10,Landing Page,marketing,Tablet,Canada,4959,67,0.014,0.6,234.2,16,25,495.56
2025-01-03,Page 8,Product Page,data,Mobile,Canada,509,107,0.21,0.31,79.2,4,66,1403.61
2025-07-21,Page 4,Case Study,conversion,Mobile,Australia,4556,139,0.031,0.7,202.6,37,19,834.35
2025-08-20,Page 13,FAQ,analytics,Mobile,USA,1257,25,0.02,0.34,134.1,13,21,875.89
2025-08-01,Page 8,FAQ,marketing,Desktop,India,468,7,0.015,0.39,121.1,20,5,168.86
2025-01-14,Page 1,Product Page,data,Desktop,USA,3066,522,0.17,0.7,240.9,45,445,20058.03
2025-10-02,Page 20,Product Page,growth,Desktop,Germany,1326,35,0.026,0.47,36.3,49,16,470.92
2025-04-26,Page 12,Landing Page,conversion,Tablet,Germany,693,159,0.229,0.26,72.8,34,84,2296.25
2025-10-31,Page 2,FAQ,SEO,Mobile,UK,1266,30,0.024,0.3,272.6,43,12,387.4
2025-08-22,Page 19,FAQ,marketing,Desktop,Australia,4329,199,0.046,0.67,119.6,43,8,372.15
2025-08-20,Page 2,Case Study,analytics,Desktop,USA,2914,652,0.224,0.33,224.2,16,283,2131.33
2025-04-09,Page 5,Product Page,conversion,Mobile,UK,1377,272,0.198,0.42,164.8,3,52,2245.65
2025-07-25,Page 7,Product Page,growth,Desktop,USA,2675,393,0.147,0.38,246.2,12,230,7516.51
2025-07-30,Page 17,Case Study,growth,Desktop,Australia,1481,349,0.236,0.23,82.3,50,330,9975.05
2025-07-15,Page 8,Case Study,data,Tablet,Germany,461,37,0.08,0.26,127.5,45,19,576.95
2025-04-09,Page 3,FAQ,marketing,Mobile,Canada,1645,291,0.177,0.26,159.1,47,38,864.1
2025-11-09,Page 19,FAQ,data,Tablet,Germany,3740,558,0.149,0.7,58.2,38,78,2464.86
2025-05-25,Page 12,Blog,marketing,Desktop,Australia,3712,843,0.227,0.35,151.6,11,95,1151.36
2025-04-10,Page 7,Blog,conversion,Mobile,USA,2391,570,0.238,0.5,54.7,34,396,3030.97
2025-03-04,Page 19,Product Page,strategy,Mobile,Canada,1488,208,0.14,0.58,277.4,48,136,2040.11
2025-07-13,Page 1,Landing Page,data,Tablet,Canada,3960,373,0.094,0.67,257.2,11,156,1542.74
2025-06-29,Page 10,Blog,growth,Desktop,Australia,3226,310,0.096,0.47,274.5,36,78,2108.55
2025-05-22,Page 4,Case Study,growth,Mobile,UK,3758,810,0.216,0.65,172.3,21,114,2911.94
2025-02-16,Page 17,Product Page,analytics,Mobile,India,2652,180,0.068,0.24,294.7,49,91,1231.6
2025-06-24,Page 8,Case Study,marketing,Mobile,Australia,699,14,0.02,0.43,134.9,41,11,393.91
2025-03-09,Page 18,Product Page,marketing,Tablet,Germany,3803,531,0.14,0.35,236.2,18,508,22608.16
2025-05-29,Page 10,Landing Page,SEO,Desktop,Australia,4939,246,0.05,0.29,48.0,25,213,1270.96
2025-04-01,Page 13,Case Study,analytics,Tablet,Canada,2928,295,0.101,0.23,232.3,37,238,9784.77
2025-05-29,Page 18,Product Page,growth,Desktop,India,2618,350,0.134,0.66,163.5,44,285,3789.43
2025-01-04,Page 15,Blog,growth,Mobile,Australia,3588,92,0.026,0.26,107.4,31,26,255.05
2025-09-03,Page 6,Landing Page,strategy,Desktop,Australia,4083,961,0.235,0.51,85.7,31,482,3484.8
2025-07-04,Page 9,Blog,conversion,Desktop,Canada,1407,191,0.136,0.66,208.9,7,173,2873.07
2025-06-27,Page 18,Landing Page,analytics,Desktop,Canada,2545,181,0.071,0.26,191.8,5,153,7028.71
2025-10-25,Page 5,FAQ,growth,Tablet,Australia,372,39,0.105,0.33,79.7,40,35,1650.21
2025-09-02,Page 10,Case Study,growth,Mobile,Australia,3346,804,0.24,0.7,183.0,8,69,542.09
2025-09-30,Page 12,Landing Page,conversion,Desktop,Germany,1921,124,0.065,0.45,263.8,15,35,1113.09
2025-03-10,Page 14,FAQ,marketing,Mobile,Germany,2183,540,0.247,0.33,43.1,46,465,22243.09
2025-03-10,Page 14,Product Page,conversion,Desktop,Germany,1910,107,0.056,0.29,31.5,38,31,737.93
2025-10-21,Page 19,Landing Page,strategy,Mobile,Australia,2158,263,0.122,0.42,65.4,40,58,984.95
2025-05-15,Page 11,Landing Page,growth,Mobile,India,3324,34,0.01,0.36,261.2,25,17,538.25
2025-06-30,Page 13,FAQ,marketing,Mobile,India,1802,222,0.123,0.57,65.6,8,40,749.53
2025-10-17,Page 3,Blog,strategy,Mobile,Canada,4788,367,0.077,0.47,183.3,8,54,2651.13
2025-02-24,Page 18,FAQ,conversion,Tablet,UK,1738,24,0.014,0.23,38.2,42,10,341.39
2025-07-06,Page 5,Case Study,marketing,Tablet,Germany,3754,841,0.224,0.34,232.1,29,301,3385.95
2025-02-08,Page 14,Blog,SEO,Desktop,Germany,651,89,0.137,0.5,113.1,45,12,500.44
2025-08-26,Page 8,Landing Page,marketing,Mobile,USA,1009,202,0.2,0.59,131.1,1,8,88.55
2025-02-13,Page 17,FAQ,strategy,Mobile,UK,1421,79,0.056,0.45,56.0,9,63,869.53
2025-07-20,Page 5,Blog,analytics,Desktop,India,1537,114,0.074,0.22,149.1,14,68,3358.87
2025-07-17,Page 8,Landing Page,data,Desktop,Australia,1876,93,0.05,0.42,108.8,42,93,1379.35
2025-03-30,Page 14,FAQ,growth,Tablet,Canada,2287,116,0.051,0.28,107.4,11,79,1933.0
2025-02-16,Page 8,FAQ,growth,Tablet,UK,4923,990,0.201,0.53,288.2,20,858,19778.59
2025-05-19,Page 13,Product Page,marketing,Desktop,UK,266,50,0.188,0.53,48.7,38,16,571.23
2025-11-09,Page 9,FAQ,conversion,Mobile,India,976,135,0.138,0.34,190.1,14,60,828.86
2025-01-01,Page 4,Landing Page,conversion,Tablet,Germany,1793,322,0.18,0.26,79.8,14,248,3310.9
2025-10-07,Page 20,Product Page,conversion,Mobile,Australia,3538,294,0.083,0.35,124.2,9,235,1857.29
2025-01-11,Page 7,FAQ,SEO,Mobile,Germany,595,131,0.22,0.69,192.8,28,121,1235.39
2025-08-29,Page 8,FAQ,strategy,Desktop,UK,2168,64,0.03,0.68,214.7,22,40,570.54
2025-02-05,Page 5,Product Page,strategy,Tablet,USA,4508,859,0.191,0.37,190.0,12,640,17772.45
2025-10-04,Page 2,Blog,SEO,Mobile,Canada,4007,77,0.019,0.62,97.3,37,2,49.8
2025-08-21,Page 19,Case Study,data,Desktop,USA,3460,303,0.088,0.3,145.5,22,155,5609.68
2025-09-13,Page 17,Product Page,marketing,Tablet,Canada,2594,129,0.05,0.44,103.3,17,70,600.74
2025-07-05,Page 13,Product Page,strategy,Desktop,India,3626,538,0.148,0.55,141.4,25,426,13651.77
2025-09-01,Page 2,Landing Page,strategy,Tablet,Australia,2687,416,0.155,0.3,282.5,34,84,4048.97
2025-10-16,Page 16,FAQ,growth,Mobile,India,4954,1233,0.249,0.29,59.4,47,159,6366.84
2025-04-15,Page 1,FAQ,data,Desktop,Australia,1293,75,0.058,0.22,219.3,44,59,2258.68
2025-05-28,Page 18,Case Study,marketing,Tablet,UK,3096,380,0.123,0.62,159.7,48,183,7763.79
2025-10-12,Page 19,Landing Page,SEO,Desktop,USA,1007,137,0.136,0.38,92.4,11,48,1030.5
2025-07-03,Page 3,Case Study,analytics,Mobile,Australia,2160,299,0.138,0.52,174.8,16,167,4106.16
2025-01-04,Page 17,Landing Page,SEO,Mobile,Canada,667,111,0.166,0.61,197.3,50,50,2375.33
2025-08-02,Page 2,Blog,data,Mobile,USA,3654,622,0.17,0.57,179.5,41,327,5702.13
2025-04-30,Page 18,FAQ,strategy,Tablet,Canada,4011,719,0.179,0.7,288.1,3,639,11580.24
2025-03-24,Page 19,Case Study,analytics,Desktop,Germany,922,147,0.159,0.35,253.0,35,2,66.77
2025-09-20,Page 6,Blog,analytics,Tablet,India,1175,19,0.016,0.33,200.4,13,2,75.06
2025-10-29,Page 3,Product Page,SEO,Desktop,Australia,663,106,0.16,0.23,258.3,26,20,726.0
2025-09-14,Page 19,Blog,conversion,Tablet,Canada,1536,337,0.219,0.34,114.4,20,286,4410.44
2025-09-29,Page 1,Landing Page,data,Desktop,Australia,2577,601,0.233,0.57,244.0,9,142,1297.97
2025-09-13,Page 16,FAQ,data,Tablet,Australia,3472,422,0.122,0.55,139.2,16,268,2916.43
2025-06-01,Page 18,FAQ,analytics,Desktop,USA,1310,129,0.098,0.27,141.9,39,119,5872.66
2025-08-24,Page 2,FAQ,data,Desktop,USA,2387,478,0.2,0.32,243.6,10,288,11645.54
2025-02-19,Page 10,Product Page,analytics,Mobile,Germany,2820,313,0.111,0.61,244.3,26,171,4648.22
2025-11-13,Page 15,Landing Page,conversion,Mobile,Canada,3344,306,0.092,0.44,262.7,36,203,2235.75
2025-03-15,Page 15,FAQ,marketing,Desktop,India,3170,460,0.145,0.54,112.2,0,63,2022.27
2025-09-14,Page 10,Case Study,data,Mobile,Canada,825,88,0.107,0.65,180.5,29,73,2796.88
2025-06-23,Page 2,Blog,analytics,Tablet,Australia,121,6,0.05,0.49,138.0,34,1,14.17
2025-05-02,Page 13,Case Study,conversion,Mobile,Germany,2288,451,0.197,0.29,109.3,50,256,6068.33
2025-07-20,Page 17,FAQ,growth,Tablet,UK,4118,1012,0.246,0.29,150.5,35,168,1521.17
2025-07-19,Page 18,Product Page,growth,Tablet,India,4406,845,0.192,0.47,164.1,44,521,14287.07
2025-01-06,Page 11,Landing Page,analytics,Desktop,USA,2373,191,0.08,0.44,210.0,30,124,3968.33
2025-07-24,Page 12,Blog,marketing,Desktop,USA,3660,844,0.231,0.21,82.1,40,814,19149.65
2025-05-05,Page 10,Product Page,growth,Mobile,Canada,2560,176,0.069,0.58,82.3,41,27,907.29
2025-03-06,Page 12,FAQ,growth,Desktop,India,2930,709,0.242,0.47,228.6,12,230,8089.64
2025-03-09,Page 11,Product Page,SEO,Desktop,UK,3595,456,0.127,0.5,40.1,12,257,2025.43
2025-09-22,Page 18,Case Study,SEO,Mobile,Australia,2423,494,0.204,0.2,63.0,13,297,4640.58
2025-09-03,Page 3,Product Page,data,Mobile,USA,805,119,0.148,0.64,228.2,26,34,1651.36
2025-03-01,Page 14,Product Page,SEO,Desktop,Canada,3372,376,0.112,0.4,164.2,4,185,6450.98
2025-08-20,Page 15,FAQ,data,Mobile,Canada,4335,831,0.192,0.3,218.7,2,273,8847.18
2025-01-20,Page 10,Blog,analytics,Mobile,USA,2758,391,0.142,0.44,130.3,14,16,246.62
2025-10-18,Page 17,Landing Page,SEO,Desktop,Australia,119,26,0.218,0.62,195.5,26,22,122.66
2025-02-02,Page 6,Case Study,analytics,Mobile,India,679,61,0.09,0.46,222.6,11,29,300.53
2025-11-03,Page 17,FAQ,strategy,Desktop,Canada,4312,1030,0.239,0.23,157.1,48,627,10383.1
2025-09-22,Page 7,Blog,growth,Tablet,India,1214,188,0.155,0.53,55.3,0,95,3248.34
2025-10-02,Page 9,Landing Page,analytics,Tablet,USA,3521,375,0.107,0.3,117.1,9,300,13345.78
2025-03-18,Page 6,Product Page,analytics,Tablet,Canada,3354,552,0.165,0.55,149.1,14,531,8734.66
2025-10-13,Page 10,Blog,data,Mobile,USA,4098,959,0.234,0.23,209.8,36,840,35737.04
2025-09-20,Page 11,Blog,conversion,Mobile,Australia,1055,78,0.074,0.63,109.9,36,41,842.24
2025-04-17,Page 17,Blog,data,Mobile,UK,957,73,0.076,0.57,268.0,11,60,1792.37
2025-03-13,Page 2,FAQ,analytics,Tablet,USA,3581,687,0.192,0.44,158.1,6,494,11212.74
2025-02-13,Page 20,Landing Page,analytics,Tablet,Australia,2422,259,0.107,0.25,72.6,5,141,6797.97
2025-04-29,Page 6,Product Page,data,Mobile,Canada,3947,41,0.01,0.26,291.6,41,6,244.01
2025-07-03,Page 19,Landing Page,data,Tablet,Australia,1166,168,0.144,0.55,153.5,30,33,243.78
2025-11-08,Page 17,Blog,data,Desktop,India,4497,76,0.017,0.29,258.9,43,27,509.1
2025-11-06,Page 13,Landing Page,data,Mobile,India,1260,100,0.079,0.49,138.9,40,22,149.64
2025-03-18,Page 18,Landing Page,analytics,Mobile,Germany,1610,45,0.028,0.45,243.6,11,15,704.95
2025-09-20,Page 14,Landing Page,conversion,Desktop,UK,2961,586,0.198,0.35,145.6,28,400,9557.99
2025-05-25,Page 5,Landing Page,strategy,Tablet,Australia,1516,293,0.193,0.35,110.2,3,116,2704.94
2025-06-14,Page 15,Blog,analytics,Mobile,India,3670,204,0.056,0.28,147.6,18,124,1866.39
2025-10-11,Page 13,Blog,conversion,Mobile,Germany,3842,808,0.21,0.39,55.7,11,59,2864.18
2025-06-26,Page 9,Landing Page,analytics,Mobile,UK,4163,573,0.138,0.32,262.0,17,393,16508.47
2025-09-04,Page 6,Landing Page,strategy,Desktop,Germany,2690,507,0.188,0.29,48.5,23,261,6780.3
2025-08-02,Page 16,Blog,data,Tablet,UK,2900,103,0.036,0.26,257.2,40,25,1053.67
2025-03-25,Page 14,Product Page,growth,Mobile,Australia,1760,390,0.222,0.22,197.4,6,81,737.49
2025-06-25,Page 19,Blog,analytics,Tablet,India,3215,603,0.188,0.48,91.7,41,384,10225.6
2025-05-13,Page 1,Blog,SEO,Mobile,Australia,768,47,0.061,0.65,233.1,0,34,312.67
2025-01-25,Page 19,Product Page,SEO,Tablet,Germany,2708,50,0.018,0.59,107.1,7,19,830.97
2025-01-14,Page 10,FAQ,data,Mobile,USA,955,184,0.193,0.65,281.7,49,22,540.17
2025-07-19,Page 19,Case Study,analytics,Desktop,UK,1220,261,0.214,0.66,140.2,14,143,5618.73
2025-10-21,Page 18,Blog,growth,Mobile,India,163,9,0.055,0.37,224.4,49,1,7.64
2025-09-21,Page 20,Landing Page,analytics,Tablet,India,433,90,0.208,0.49,39.5,24,65,2378.27
2025-11-12,Page 20,Blog,strategy,Desktop,India,1208,160,0.132,0.66,286.6,30,31,376.5
2025-05-07,Page 18,Blog,strategy,Desktop,India,250,15,0.06,0.28,202.2,19,5,123.6
2025-03-02,Page 8,Product Page,analytics,Mobile,Germany,3521,636,0.181,0.69,222.7,8,342,9577.21
2025-05-09,Page 14,Blog,growth,Mobile,Australia,4884,1017,0.208,0.35,290.2,11,259,4884.67
2025-07-05,Page 17,FAQ,SEO,Desktop,Canada,3058,731,0.239,0.61,297.4,5,289,12574.97
2025-02-11,Page 11,Case Study,SEO,Tablet,UK,326,72,0.221,0.65,162.6,12,35,252.55
2025-04-15,Page 10,Case Study,strategy,Mobile,Australia,371,48,0.129,0.51,45.1,41,0,0.0
2025-03-22,Page 9,Product Page,data,Tablet,Germany,1387,108,0.078,0.54,104.9,46,107,3902.22
2025-07-26,Page 20,Landing Page,conversion,Tablet,Australia,3891,118,0.03,0.59,283.0,7,104,1120.51
2025-05-21,Page 16,FAQ,analytics,Tablet,Germany,2953,480,0.163,0.69,248.0,48,216,6708.22
2025-07-27,Page 8,Case Study,marketing,Mobile,Canada,2166,284,0.131,0.3,191.7,27,141,4806.66
2025-08-01,Page 4,Blog,strategy,Mobile,UK,4520,219,0.048,0.27,87.3,6,119,2543.22
2025-04-01,Page 16,Product Page,marketing,Desktop,UK,777,73,0.094,0.58,254.9,0,16,373.0
2025-05-09,Page 19,Product Page,strategy,Desktop,UK,1485,344,0.232,0.58,293.7,27,335,6064.89
2025-06-14,Page 4,Case Study,strategy,Desktop,Germany,2632,292,0.111,0.33,59.9,16,176,5645.97
2025-05-12,Page 9,Case Study,strategy,Desktop,Australia,466,71,0.152,0.46,243.1,20,36,961.47
2025-02-19,Page 9,FAQ,growth,Mobile,Canada,2896,665,0.23,0.24,194.1,35,218,3047.06
2025-07-11,Page 18,FAQ,data,Mobile,USA,2620,344,0.131,0.57,221.1,23,215,8842.14
2025-07-15,Page 13,Blog,data,Desktop,USA,4874,732,0.15,0.27,233.9,6,174,2205.12
2025-06-21,Page 13,Landing Page,data,Tablet,Germany,3459,339,0.098,0.56,43.3,46,103,1955.7
2025-06-01,Page 13,Landing Page,data,Mobile,Australia,3110,340,0.109,0.48,163.3,25,286,12728.61
2025-07-13,Page 11,Case Study,marketing,Mobile,USA,4256,443,0.104,0.63,158.1,7,315,10331.4
2025-02-22,Page 1,FAQ,analytics,Tablet,Germany,349,46,0.132,0.64,215.4,15,29,149.75
2025-02-23,Page 20,Landing Page,growth,Mobile,India,403,76,0.189,0.59,276.5,17,0,0.0
2025-04-19,Page 4,Blog,data,Tablet,Australia,2825,624,0.221,0.33,31.9,4,32,1184.71
2025-09-07,Page 8,FAQ,analytics,Tablet,India,3702,508,0.137,0.69,38.9,0,267,10186.73
2025-08-05,Page 6,Product Page,data,Mobile,India,3961,920,0.232,0.49,72.2,47,127,2750.9
2025-10-18,Page 17,Case Study,data,Mobile,Australia,4944,702,0.142,0.31,161.2,13,447,20324.5
2025-08-17,Page 5,Landing Page,analytics,Mobile,UK,4825,440,0.091,0.49,229.7,40,239,7752.25
2025-06-25,Page 16,Landing Page,marketing,Desktop,Australia,1291,113,0.088,0.67,209.9,47,19,234.54
2025-06-23,Page 5,FAQ,data,Mobile,Australia,1720,315,0.183,0.65,224.4,12,281,11898.87
2025-10-23,Page 15,Case Study,marketing,Mobile,Australia,4488,345,0.077,0.54,146.2,31,122,3524.79
2025-04-14,Page 16,Case Study,strategy,Desktop,Canada,3950,874,0.221,0.31,296.5,16,76,551.77
2025-03-11,Page 18,Landing Page,growth,Desktop,UK,4670,115,0.025,0.36,205.6,29,12,158.46
2025-03-08,Page 7,Blog,growth,Desktop,Germany,1858,250,0.135,0.65,159.9,13,124,4780.33
2025-07-28,Page 19,Blog,analytics,Mobile,Germany,3032,745,0.246,0.6,35.5,14,123,4991.44
2025-01-10,Page 4,Product Page,growth,Mobile,Australia,1011,150,0.148,0.54,103.4,9,54,1964.62
2025-03-29,Page 10,Blog,conversion,Tablet,UK,1894,333,0.176,0.64,266.0,2,282,13276.02
2025-08-18,Page 6,Product Page,growth,Mobile,UK,1589,303,0.191,0.22,43.0,17,58,661.47
2025-04-29,Page 20,FAQ,conversion,Desktop,UK,1591,21,0.013,0.26,176.5,17,18,427.35
2025-04-03,Page 15,FAQ,SEO,Tablet,Australia,2123,326,0.154,0.34,88.0,18,75,3542.87
2025-06-15,Page 7,Blog,conversion,Tablet,Canada,4558,663,0.145,0.57,130.2,24,510,7264.55
2025-07-06,Page 3,Landing Page,data,Tablet,Canada,867,73,0.084,0.29,126.8,28,3,95.8
2025-08-23,Page 10,Landing Page,analytics,Desktop,UK,590,145,0.246,0.6,237.4,43,145,3289.44
2025-02-14,Page 13,Product Page,data,Desktop,UK,4451,455,0.102,0.44,30.1,11,310,6319.99
2025-10-12,Page 2,Blog,SEO,Desktop,Canada,1385,256,0.185,0.51,36.5,7,62,438.54
2025-04-29,Page 16,Case Study,growth,Desktop,UK,4257,684,0.161,0.25,180.3,41,475,20961.52
2025-02-07,Page 18,FAQ,data,Desktop,Australia,796,181,0.227,0.69,56.6,42,83,1671.48
2025-08-21,Page 8,Landing Page,conversion,Mobile,Canada,4470,312,0.07,0.67,246.0,6,102,881.76
2025-03-14,Page 10,Case Study,growth,Tablet,Germany,3510,105,0.03,0.2,252.2,36,61,2813.48
2025-08-31,Page 2,Product Page,strategy,Tablet,Australia,3420,44,0.013,0.27,225.9,48,36,1699.82
2025-05-01,Page 17,FAQ,strategy,Desktop,USA,3614,391,0.108,0.27,193.3,49,202,2341.27
2025-09-22,Page 13,Product Page,growth,Tablet,Germany,964,236,0.245,0.61,268.1,24,99,1322.48
2025-05-22,Page 17,Product Page,data,Mobile,UK,3366,92,0.027,0.61,290.1,40,22,174.08
2025-02-01,Page 12,Case Study,growth,Tablet,USA,3517,646,0.184,0.6,139.3,23,571,13989.73
2025-09-06,Page 18,Case Study,SEO,Desktop,USA,4815,1001,0.208,0.24,222.7,32,376,16874.44
2025-08-05,Page 5,Landing Page,marketing,Desktop,Germany,3869,706,0.182,0.31,95.2,12,530,22976.74
2025-03-16,Page 8,Case Study,SEO,Desktop,UK,1106,111,0.1,0.55,298.9,21,32,359.24
2025-06-11,Page 11,Product Page,growth,Desktop,Australia,1429,119,0.083,0.42,197.9,28,86,4035.91
2025-09-21,Page 14,Landing Page,analytics,Desktop,Canada,2169,500,0.231,0.32,238.2,4,347,9908.83
2025-02-18,Page 17,Landing Page,analytics,Desktop,Canada,4304,483,0.112,0.32,149.5,18,260,12203.08
2025-07-14,Page 10,Case Study,data,Tablet,Canada,771,36,0.047,0.45,240.1,21,11,417.79
2025-01-28,Page 12,FAQ,conversion,Desktop,UK,2739,385,0.141,0.62,91.7,3,241,1685.82
2025-10-29,Page 13,FAQ,SEO,Desktop,USA,3773,635,0.168,0.33,121.8,15,329,2818.77
2025-01-30,Page 8,Blog,analytics,Mobile,UK,1121,208,0.186,0.7,118.0,4,182,4018.16
2025-04-08,Page 19,Blog,analytics,Tablet,Germany,3144,509,0.162,0.24,98.1,35,74,2582.3
2025-05-31,Page 8,Case Study,analytics,Desktop,India,3247,697,0.215,0.46,184.7,49,489,6355.25
2025-08-14,Page 6,Landing Page,marketing,Tablet,UK,4004,173,0.043,0.61,224.1,15,94,4543.03
2025-07-11,Page 13,FAQ,marketing,Mobile,Canada,4545,635,0.14,0.58,188.5,19,13,139.08
2025-04-06,Page 9,Landing Page,growth,Tablet,India,4439,606,0.137,0.49,248.3,23,449,19145.43
2025-03-23,Page 7,FAQ,growth,Tablet,India,2296,570,0.248,0.27,175.3,44,312,1680.98
2025-01-13,Page 3,Landing Page,data,Desktop,USA,2803,420,0.15,0.52,81.2,12,254,2382.76
2025-05-27,Page 10,Landing Page,data,Desktop,Australia,1092,107,0.098,0.57,153.2,20,91,4411.45
2025-06-05,Page 18,Product Page,growth,Tablet,USA,4548,708,0.156,0.36,69.1,25,441,19377.58
2025-02-20,Page 5,Landing Page,strategy,Desktop,UK,1485,299,0.201,0.54,58.5,40,132,1915.4
2025-08-08,Page 9,FAQ,strategy,Tablet,Australia,3073,591,0.192,0.26,82.8,44,145,6263.51
2025-08-03,Page 7,Product Page,analytics,Desktop,USA,1349,233,0.173,0.66,283.8,7,110,1030.67
2025-03-17,Page 2,Product Page,growth,Desktop,Canada,3098,222,0.072,0.28,280.9,26,143,3848.39
2025-04-11,Page 3,FAQ,data,Tablet,Germany,3251,398,0.122,0.28,254.5,8,285,11140.18
2025-05-09,Page 8,Case Study,data,Mobile,India,4768,283,0.059,0.43,290.8,37,269,10391.62
2025-07-07,Page 16,FAQ,conversion,Mobile,USA,1819,108,0.059,0.53,42.3,28,102,2010.67
2025-03-05,Page 4,Blog,conversion,Tablet,USA,2404,68,0.028,0.45,244.5,25,30,215.0
2025-01-30,Page 13,Blog,strategy,Mobile,UK,1810,349,0.193,0.46,200.2,47,285,12972.94
2025-10-22,Page 18,Blog,conversion,Mobile,USA,386,92,0.238,0.56,54.3,42,56,856.22
2025-03-11,Page 6,Landing Page,marketing,Mobile,Germany,1680,88,0.052,0.32,247.2,4,54,2174.65
2025-04-22,Page 14,Product Page,conversion,Desktop,Germany,2811,220,0.078,0.4,179.8,46,133,3821.42
2025-06-13,Page 12,Case Study,data,Tablet,Australia,368,41,0.111,0.61,82.9,46,40,1410.53
2025-09-04,Page 7,Product Page,growth,Desktop,UK,576,6,0.01,0.45,71.9,21,5,93.38
2025-01-25,Page 15,Product Page,strategy,Desktop,Australia,4705,914,0.194,0.44,86.3,5,757,9476.13
2025-04-30,Page 4,Product Page,strategy,Tablet,Canada,2681,582,0.217,0.52,273.4,1,477,17474.95
2025-05-22,Page 18,Case Study,conversion,Desktop,Germany,4969,395,0.079,0.54,228.5,17,169,3213.6
2025-05-30,Page 7,Product Page,SEO,Tablet,Germany,4548,475,0.104,0.5,237.4,2,293,1634.01
2025-01-25,Page 8,Landing Page,analytics,Tablet,Australia,2317,36,0.016,0.26,220.5,22,21,797.63
2025-06-15,Page 7,Landing Page,strategy,Desktop,Germany,3510,135,0.038,0.29,97.2,37,54,301.19
2025-01-06,Page 12,Case Study,growth,Desktop,Canada,1370,174,0.127,0.68,277.2,19,121,3160.93
2025-07-01,Page 12,FAQ,analytics,Desktop,USA,1967,84,0.043,0.69,49.6,31,21,632.69
2025-03-23,Page 14,Blog,strategy,Mobile,Australia,987,226,0.229,0.57,248.2,11,191,5589.06
2025-03-28,Page 6,Blog,data,Desktop,Canada,2086,252,0.121,0.68,121.0,3,166,4088.42
2025-02-16,Page 2,FAQ,analytics,Desktop,UK,568,119,0.21,0.48,190.1,35,0,0.0
2025-01-25,Page 8,FAQ,conversion,Desktop,UK,4317,123,0.028,0.54,167.8,5,6,36.15
2025-09-13,Page 20,Blog,conversion,Tablet,USA,3968,367,0.092,0.39,101.4,27,96,4489.4
2025-05-23,Page 7,Case Study,SEO,Desktop,USA,2782,385,0.138,0.57,146.6,16,333,7796.99
2025-03-19,Page 1,Blog,conversion,Desktop,India,4730,576,0.122,0.49,136.7,39,178,2183.04
2025-02-25,Page 16,Product Page,marketing,Mobile,USA,4237,48,0.011,0.36,123.1,35,34,1293.4
2025-11-06,Page 7,Blog,marketing,Tablet,India,3664,179,0.049,0.7,219.0,31,70,1949.52
2025-04-21,Page 12,Product Page,growth,Tablet,Australia,4183,450,0.108,0.43,208.2,16,99,3774.51
2025-05-20,Page 20,Landing Page,strategy,Mobile,Canada,620,82,0.132,0.66,58.1,15,5,207.64
2025-06-17,Page 5,Blog,conversion,Desktop,Australia,478,58,0.121,0.28,238.6,10,1,14.54
2025-11-05,Page 18,Blog,conversion,Desktop,UK,4011,898,0.224,0.65,70.0,40,491,11851.5
2025-02-08,Page 6,FAQ,data,Desktop,Germany,2595,609,0.235,0.44,179.2,18,439,11007.75
2025-04-12,Page 4,Case Study,conversion,Tablet,Germany,4558,1037,0.228,0.67,98.9,17,667,12146.87
2025-10-23,Page 20,Product Page,SEO,Mobile,UK,2891,30,0.01,0.21,128.5,8,25,921.6
2025-06-28,Page 19,Product Page,SEO,Desktop,Germany,3497,406,0.116,0.59,200.9,42,151,7344.06
2025-11-03,Page 3,Landing Page,growth,Desktop,Germany,123,22,0.179,0.41,74.3,40,19,238.58
2025-01-19,Page 15,Blog,growth,Desktop,India,252,28,0.111,0.39,180.5,2,14,331.2
2025-02-03,Page 4,Case Study,growth,Tablet,India,3998,711,0.178,0.59,34.7,24,238,5861.82
2025-02-15,Page 18,FAQ,growth,Tablet,India,4913,104,0.021,0.44,152.4,3,4,74.04
2025-02-28,Page 3,Blog,SEO,Mobile,India,1121,17,0.015,0.53,267.5,37,17,490.23
2025-06-02,Page 17,Case Study,strategy,Desktop,UK,4138,622,0.15,0.36,107.4,18,78,3354.84
2025-09-28,Page 17,Product Page,growth,Mobile,Australia,1968,106,0.054,0.55,105.6,49,8,99.09
2025-06-09,Page 14,Case Study,conversion,Tablet,Canada,1598,259,0.162,0.46,100.9,48,46,2105.27
2025-07-30,Page 10,Product Page,marketing,Tablet,India,1840,377,0.205,0.3,295.7,27,145,1118.2
2025-08-27,Page 9,Landing Page,conversion,Tablet,India,1292,84,0.065,0.67,179.9,35,78,652.0
2025-08-14,Page 6,Product Page,marketing,Mobile,Australia,579,137,0.237,0.22,242.6,19,11,166.77
2025-07-20,Page 20,Case Study,marketing,Desktop,UK,3821,482,0.126,0.3,115.7,28,92,1167.52
2025-04-15,Page 1,FAQ,analytics,Tablet,Germany,1662,321,0.193,0.25,299.6,18,140,4551.11
2025-06-08,Page 1,Product Page,analytics,Mobile,UK,2856,45,0.016,0.45,94.2,33,31,491.91
2025-07-18,Page 12,Landing Page,growth,Tablet,UK,1718,293,0.171,0.26,111.6,29,267,10526.69
2025-05-12,Page 10,Product Page,strategy,Tablet,Canada,4110,943,0.229,0.3,150.5,44,768,21135.63
2025-08-10,Page 3,Case Study,SEO,Tablet,Australia,3352,592,0.177,0.67,85.4,26,464,8578.08
2025-10-02,Page 15,FAQ,analytics,Desktop,Germany,2414,128,0.053,0.4,298.4,19,38,1809.16
2025-06-12,Page 1,Case Study,marketing,Tablet,Canada,1659,277,0.167,0.28,128.9,17,54,2016.1
2025-10-25,Page 8,Blog,data,Desktop,Australia,3979,920,0.231,0.67,114.8,2,326,8018.34
2025-01-19,Page 3,Landing Page,conversion,Mobile,India,1505,132,0.088,0.65,158.9,3,35,1636.18
2025-10-09,Page 19,Landing Page,conversion,Desktop,Australia,4401,246,0.056,0.29,81.1,3,170,6740.94
2025-08-11,Page 4,Case Study,analytics,Mobile,Australia,389,70,0.18,0.24,95.3,30,56,1550.15
2025-08-01,Page 12,FAQ,SEO,Desktop,UK,4667,537,0.115,0.41,225.0,38,141,6434.32
2025-05-29,Page 1,Blog,conversion,Desktop,India,1443,51,0.035,0.6,219.9,7,1,16.34
2025-04-23,Page 20,Case Study,strategy,Mobile,Canada,664,94,0.142,0.37,141.4,44,36,781.84
2025-02-19,Page 13,Product Page,SEO,Tablet,USA,500,18,0.036,0.28,166.3,12,1,7.65
2025-05-08,Page 15,Product Page,marketing,Mobile,India,611,56,0.092,0.37,207.8,45,27,695.32
2025-09-09,Page 13,Product Page,growth,Mobile,UK,4484,723,0.161,0.53,277.2,24,471,7655.02
2025-08-18,Page 14,Blog,strategy,Desktop,India,1084,82,0.076,0.34,208.0,46,57,754.03
2025-06-03,Page 7,Product Page,SEO,Desktop,UK,1962,227,0.116,0.2,232.4,13,50,2282.64
2025-03-18,Page 19,Product Page,strategy,Tablet,Australia,1809,351,0.194,0.31,64.6,15,349,10822.37
2025-10-21,Page 3,FAQ,analytics,Tablet,Canada,4915,1162,0.236,0.41,202.2,12,451,17058.46
2025-03-23,Page 4,Product Page,analytics,Mobile,India,4420,914,0.207,0.47,84.6,21,467,17396.81
2025-03-10,Page 6,Case Study,conversion,Mobile,Germany,1148,93,0.081,0.2,142.2,11,77,541.68
2025-03-11,Page 15,FAQ,marketing,Tablet,Australia,542,107,0.197,0.48,214.5,13,42,1456.18
2025-04-21,Page 20,Product Page,SEO,Desktop,India,2962,669,0.226,0.29,159.2,15,187,4945.91
2025-10-31,Page 18,Blog,analytics,Desktop,UK,3896,470,0.121,0.25,210.5,19,35,882.21
2025-04-08,Page 7,Case Study,analytics,Tablet,Australia,2688,560,0.208,0.63,106.6,21,264,8807.84
2025-06-26,Page 11,Product Page,SEO,Tablet,Canada,3637,817,0.225,0.4,131.9,8,220,7627.38
2025-08-31,Page 19,Blog,data,Tablet,USA,3856,400,0.104,0.69,71.9,32,109,2394.92
2025-07-20,Page 19,Blog,SEO,Tablet,India,2274,383,0.168,0.44,208.1,23,77,820.92
2025-04-02,Page 8,Product Page,data,Desktop,UK,118,16,0.136,0.44,112.4,12,5,122.27
2025-09-15,Page 11,Product Page,SEO,Desktop,UK,4067,1010,0.248,0.54,154.0,14,682,20302.29
2025-07-16,Page 20,Landing Page,data,Tablet,UK,1176,111,0.094,0.4,198.7,48,43,1532.38
2025-09-19,Page 14,Landing Page,strategy,Mobile,Germany,1278,316,0.247,0.41,115.5,46,303,1959.74
2025-03-28,Page 4,Product Page,strategy,Tablet,India,1986,142,0.072,0.47,224.5,43,121,2100.46
2025-08-12,Page 5,Product Page,SEO,Mobile,Australia,1117,234,0.209,0.57,185.8,37,57,359.83
2025-02-09,Page 5,FAQ,marketing,Mobile,India,4424,835,0.189,0.28,56.1,15,670,4206.13
2025-04-15,Page 13,Case Study,SEO,Mobile,USA,717,130,0.181,0.57,153.6,17,6,114.24
2025-07-30,Page 5,Product Page,SEO,Tablet,Australia,3871,657,0.17,0.24,295.4,7,609,16356.2
2025-05-29,Page 7,FAQ,strategy,Mobile,Germany,4737,1012,0.214,0.64,124.9,13,7,311.53
2025-09-27,Page 4,Blog,marketing,Desktop,USA,1610,43,0.027,0.31,129.8,19,41,1283.4
2025-04-02,Page 18,Landing Page,SEO,Tablet,USA,3477,565,0.162,0.53,276.4,13,220,9896.62
2025-06-22,Page 7,Case Study,growth,Desktop,USA,2024,158,0.078,0.45,67.0,29,32,1202.33
2025-09-08,Page 20,Case Study,conversion,Mobile,Australia,4872,841,0.173,0.65,295.7,22,191,6436.86
2025-02-20,Page 2,Landing Page,data,Desktop,UK,1162,102,0.088,0.44,243.2,35,34,1621.27
2025-06-05,Page 13,Case Study,SEO,Tablet,UK,3084,439,0.142,0.28,66.8,36,10,155.39
2025-10-25,Page 4,Blog,conversion,Tablet,USA,4105,426,0.104,0.67,86.5,45,330,3862.53
2025-05-05,Page 9,Case Study,SEO,Mobile,USA,1089,271,0.249,0.42,181.6,47,68,2365.15
2025-03-01,Page 6,Product Page,strategy,Mobile,India,3718,262,0.07,0.21,179.7,23,115,3321.07
2025-01-07,Page 9,Product Page,SEO,Mobile,USA,3084,629,0.204,0.37,180.0,45,7,300.79
2025-08-18,Page 12,Case Study,marketing,Mobile,USA,3469,287,0.083,0.54,60.6,0,177,951.98
2025-02-27,Page 2,FAQ,analytics,Desktop,India,4402,904,0.205,0.7,216.9,12,893,30378.6
2025-04-11,Page 20,Blog,conversion,Tablet,UK,4924,1131,0.23,0.39,183.2,9,142,1112.06
2025-07-20,Page 2,Product Page,data,Desktop,USA,4357,48,0.011,0.2,80.7,34,5,231.34
2025-07-22,Page 4,Product Page,marketing,Desktop,India,529,78,0.147,0.57,58.4,1,72,1249.94
2025-05-23,Page 7,Product Page,data,Desktop,Germany,1217,144,0.118,0.55,213.4,29,39,1564.75
2025-07-06,Page 12,FAQ,data,Tablet,India,2637,379,0.144,0.36,253.7,26,372,12936.31
2025-08-17,Page 3,Case Study,conversion,Tablet,Germany,3311,321,0.097,0.34,256.1,0,266,9492.76
2025-05-05,Page 2,Landing Page,SEO,Desktop,Germany,881,171,0.194,0.67,51.5,8,33,804.03
2025-06-14,Page 3,FAQ,data,Desktop,UK,886,111,0.125,0.58,189.4,47,110,2360.98
2025-10-16,Page 17,Product Page,conversion,Desktop,Australia,1896,65,0.034,0.28,80.8,23,23,978.13
2025-10-26,Page 3,Product Page,marketing,Tablet,Canada,4068,458,0.113,0.22,188.1,25,367,16757.4
2025-02-11,Page 15,FAQ,SEO,Mobile,India,4377,980,0.224,0.27,175.0,33,364,13709.65
2025-07-30,Page 7,Blog,data,Mobile,Australia,1718,387,0.225,0.45,125.7,41,178,1947.11
2025-05-02,Page 14,Case Study,marketing,Mobile,Germany,707,45,0.064,0.53,291.3,24,27,551.69
2025-05-26,Page 7,Product Page,growth,Mobile,Germany,4242,1047,0.247,0.65,96.3,17,231,6657.1
2025-02-08,Page 3,Blog,marketing,Desktop,UK,1938,82,0.042,0.39,206.2,21,61,2876.53
2025-10-23,Page 13,Landing Page,SEO,Tablet,Germany,2847,332,0.117,0.49,295.0,1,271,9616.05
2025-05-19,Page 1,Blog,SEO,Mobile,UK,1761,296,0.168,0.32,176.6,42,65,2802.57
2025-09-30,Page 12,Landing Page,strategy,Desktop,Germany,2851,32,0.011,0.51,30.6,44,31,916.97
2025-09-24,Page 14,Product Page,growth,Desktop,Australia,4652,345,0.074,0.22,245.4,39,265,9647.29
2025-04-19,Page 18,Landing Page,strategy,Desktop,Germany,4345,251,0.058,0.67,104.2,21,185,8112.95
2025-10-23,Page 16,Product Page,growth,Mobile,Australia,829,195,0.235,0.45,102.8,4,67,1230.22
2025-04-16,Page 13,Landing Page,strategy,Mobile,Australia,2467,549,0.223,0.4,231.8,31,507,12651.4
2025-01-07,Page 6,Landing Page,strategy,Tablet,UK,1394,86,0.062,0.56,292.7,34,82,1218.78
2025-09-04,Page 9,Product Page,analytics,Desktop,Canada,3408,208,0.061,0.62,127.3,39,22,716.7
2025-01-19,Page 15,Product Page,SEO,Desktop,USA,3978,725,0.182,0.44,278.9,44,365,3097.96
2025-03-24,Page 13,Blog,conversion,Mobile,UK,3328,501,0.151,0.55,157.8,3,207,9767.21
2025-02-13,Page 11,Product Page,data,Tablet,Canada,1978,475,0.24,0.23,250.0,1,346,9627.26
2025-02-07,Page 16,Product Page,analytics,Tablet,UK,3610,845,0.234,0.48,222.8,22,535,13350.3
2025-09-10,Page 8,Landing Page,conversion,Desktop,Germany,4647,438,0.094,0.44,242.6,9,3,102.71
2025-07-17,Page 8,Case Study,analytics,Mobile,Australia,758,90,0.119,0.53,178.3,28,34,296.68
2025-02-15,Page 9,Case Study,conversion,Tablet,Australia,1125,29,0.026,0.4,53.9,33,10,477.77
2025-10-19,Page 5,FAQ,marketing,Tablet,USA,2007,49,0.024,0.41,171.8,38,33,1117.09
2025-03-05,Page 12,Landing Page,marketing,Desktop,UK,4045,448,0.111,0.24,171.3,43,343,11549.38
2025-10-09,Page 4,Case Study,growth,Mobile,Germany,269,46,0.171,0.36,227.4,38,31,853.66
2025-03-20,Page 19,Product Page,strategy,Mobile,UK,431,76,0.176,0.68,76.0,15,69,1392.14
2025-03-03,Page 5,FAQ,conversion,Desktop,Canada,1123,222,0.198,0.41,183.4,1,179,7295.34
2025-06-21,Page 15,Case Study,marketing,Mobile,Canada,4331,1022,0.236,0.24,286.0,26,283,9846.13
2025-01-10,Page 14,Blog,strategy,Desktop,Canada,3431,134,0.039,0.26,261.6,38,121,2027.37
2025-07-14,Page 2,Blog,data,Desktop,USA,4282,728,0.17,0.31,199.7,27,388,17320.8
2025-07-18,Page 15,Product Page,strategy,Mobile,Germany,882,189,0.214,0.64,37.8,48,28,359.5
2025-04-16,Page 13,Case Study,strategy,Tablet,UK,4715,581,0.123,0.34,243.1,13,477,19323.84
2025-05-16,Page 12,FAQ,data,Tablet,UK,3641,239,0.066,0.31,122.8,27,159,2693.71
2025-03-08,Page 5,Product Page,data,Desktop,USA,192,10,0.052,0.63,196.2,2,6,124.09
2025-01-11,Page 4,Landing Page,growth,Mobile,India,1088,55,0.051,0.58,224.4,29,34,1420.61
2025-05-23,Page 7,Blog,SEO,Tablet,Germany,3671,709,0.193,0.42,280.8,49,475,18894.82
2025-06-13,Page 10,Blog,strategy,Desktop,India,1299,299,0.23,0.47,65.7,0,209,3983.48
2025-01-17,Page 3,Landing Page,growth,Tablet,India,2005,267,0.133,0.69,131.8,46,202,2258.56
2025-02-04,Page 6,Product Page,data,Tablet,USA,707,39,0.055,0.3,35.5,8,28,1189.25
2025-05-26,Page 11,FAQ,analytics,Desktop,Canada,1830,362,0.198,0.23,30.2,34,263,3724.59
2025-04-15,Page 20,FAQ,strategy,Tablet,Canada,2908,400,0.138,0.49,261.3,7,203,3658.19
2025-08-29,Page 19,Landing Page,conversion,Desktop,Canada,392,22,0.056,0.24,144.5,5,18,827.56
2025-03-05,Page 13,Case Study,analytics,Mobile,Germany,3450,153,0.044,0.35,200.5,3,132,2066.6
2025-09-12,Page 7,Case Study,analytics,Tablet,Germany,2968,35,0.012,0.3,226.3,4,5,146.63
2025-06-13,Page 3,Product Page,data,Tablet,Canada,413,89,0.215,0.69,101.7,39,71,3022.61
2025-02-21,Page 3,Case Study,analytics,Mobile,Canada,2234,528,0.236,0.53,157.0,16,115,2205.26
2025-01-08,Page 11,Product Page,analytics,Desktop,India,700,103,0.147,0.54,263.9,15,32,260.87
2025-08-13,Page 2,Product Page,growth,Desktop,Canada,2768,88,0.032,0.32,102.4,19,75,993.67
2025-07-18,Page 9,Blog,growth,Mobile,Canada,2910,406,0.14,0.47,238.3,16,362,4433.9
2025-07-15,Page 8,Landing Page,marketing,Mobile,India,1750,378,0.216,0.44,182.8,18,236,6892.03
2025-06-28,Page 20,Blog,analytics,Desktop,Canada,2456,594,0.242,0.27,288.0,11,194,6993.7
2025-05-28,Page 16,FAQ,growth,Desktop,USA,4536,945,0.208,0.21,246.9,47,162,1725.44
2025-04-20,Page 13,Blog,marketing,Desktop,Australia,1271,283,0.223,0.4,32.1,18,102,1810.47
2025-02-03,Page 3,Product Page,SEO,Tablet,India,2558,355,0.139,0.31,206.0,19,309,4173.82
2025-08-28,Page 5,Blog,SEO,Desktop,UK,4916,90,0.018,0.27,273.2,45,7,116.5
2025-04-22,Page 11,Product Page,analytics,Desktop,UK,2210,60,0.027,0.39,126.7,26,21,702.04
2025-04-19,Page 5,Landing Page,analytics,Desktop,India,524,39,0.074,0.64,138.6,17,37,1195.96
2025-03-17,Page 6,Product Page,growth,Tablet,Germany,1068,257,0.241,0.26,237.3,11,33,1312.13
2025-03-24,Page 11,Blog,data,Mobile,Canada,3468,364,0.105,0.62,249.6,45,324,6918.97
2025-06-24,Page 20,Blog,strategy,Mobile,USA,2422,534,0.22,0.68,256.7,14,432,16190.81
2025-09-02,Page 6,Landing Page,marketing,Mobile,Canada,3414,371,0.109,0.63,129.5,16,35,837.98
2025-05-08,Page 17,FAQ,conversion,Mobile,India,4840,691,0.143,0.39,68.7,34,68,1575.54
2025-09-05,Page 16,FAQ,marketing,Tablet,UK,1756,107,0.061,0.31,170.2,30,58,1409.83
2025-09-07,Page 1,Blog,growth,Tablet,Australia,2677,546,0.204,0.3,267.7,20,129,1397.9
2025-01-12,Page 17,Blog,analytics,Desktop,USA,4746,485,0.102,0.44,258.0,22,120,5011.17
2025-02-23,Page 20,Product Page,growth,Desktop,Germany,4824,888,0.184,0.4,272.8,21,296,2494.73
2025-06-29,Page 7,Landing Page,analytics,Desktop,India,3373,698,0.207,0.41,51.1,28,320,6689.37
2025-11-10,Page 1,Case Study,analytics,Mobile,India,1053,52,0.049,0.25,265.0,48,0,0.0
2025-01-24,Page 19,FAQ,analytics,Tablet,Australia,835,193,0.231,0.41,208.5,2,175,6677.53
2025-07-11,Page 6,FAQ,SEO,Tablet,UK,3608,249,0.069,0.53,31.5,48,88,3857.76
2025-03-28,Page 2,Blog,conversion,Mobile,USA,4533,689,0.152,0.61,271.1,42,122,1853.69
2025-10-01,Page 11,Case Study,data,Tablet,India,420,47,0.112,0.29,113.9,10,37,528.95
2025-05-18,Page 11,Landing Page,growth,Mobile,USA,2284,166,0.073,0.62,156.1,13,47,1102.06
2025-05-02,Page 7,Blog,analytics,Tablet,Germany,4803,295,0.061,0.45,168.1,38,248,4985.87
2025-03-11,Page 18,Product Page,SEO,Tablet,Germany,401,63,0.157,0.31,65.6,22,45,746.4
2025-05-27,Page 1,Case Study,marketing,Tablet,Germany,3603,545,0.151,0.56,178.4,2,386,6435.42
2025-10-13,Page 8,Blog,growth,Desktop,UK,485,100,0.206,0.66,207.8,10,23,1054.16
2025-08-01,Page 16,Landing Page,growth,Desktop,Canada,3049,299,0.098,0.31,235.3,26,81,1971.0
2025-02-22,Page 20,Blog,strategy,Mobile,USA,3979,66,0.017,0.39,56.5,3,0,0.0
2025-09-19,Page 16,Landing Page,marketing,Desktop,Germany,4750,1076,0.227,0.43,284.9,19,950,14013.87
2025-08-07,Page 19,Product Page,marketing,Mobile,Germany,2079,332,0.16,0.46,56.3,20,152,7015.1
2025-06-14,Page 5,Product Page,analytics,Mobile,UK,591,103,0.174,0.39,285.4,1,26,464.19
2025-07-13,Page 3,Case Study,conversion,Mobile,Canada,1271,317,0.249,0.54,215.5,1,109,2603.39
2025-03-07,Page 19,Case Study,growth,Tablet,Canada,2003,180,0.09,0.66,132.0,50,121,5404.41
2025-08-04,Page 5,Landing Page,analytics,Tablet,India,715,172,0.241,0.65,68.4,31,123,2818.41
2025-05-10,Page 11,Blog,analytics,Tablet,Canada,4542,976,0.215,0.39,39.8,6,838,7518.88
2025-02-18,Page 18,Product Page,SEO,Mobile,India,2642,568,0.215,0.29,141.5,41,237,8300.07
2025-08-10,Page 18,Case Study,analytics,Tablet,USA,4023,289,0.072,0.58,131.8,24,205,1121.66
2025-03-15,Page 2,Blog,growth,Mobile,UK,4395,925,0.21,0.55,49.6,2,128,3459.43
2025-09-13,Page 8,FAQ,strategy,Desktop,Australia,1342,22,0.016,0.47,197.3,23,21,918.06
2025-06-16,Page 17,FAQ,data,Mobile,India,2084,184,0.088,0.56,153.5,32,156,7507.01
2025-09-23,Page 1,Product Page,growth,Tablet,Canada,3698,587,0.159,0.22,152.1,8,256,5999.83
2025-04-07,Page 1,Product Page,analytics,Mobile,Canada,3870,578,0.149,0.65,160.8,9,457,2986.36
2025-08-08,Page 17,Case Study,marketing,Tablet,UK,2735,547,0.2,0.58,126.3,37,132,2713.52
2025-03-21,Page 17,Case Study,SEO,Mobile,India,2567,93,0.036,0.67,269.9,43,5,203.31
2025-08-28,Page 8,Product Page,SEO,Mobile,UK,390,97,0.249,0.39,175.4,42,20,667.09
2025-07-19,Page 17,Landing Page,data,Desktop,India,1121,40,0.036,0.38,293.1,9,17,703.38
2025-02-12,Page 11,Blog,data,Tablet,Canada,2510,99,0.039,0.4,41.9,25,83,2145.56
2025-10-09,Page 5,Product Page,growth,Mobile,Germany,1537,321,0.209,0.67,277.1,33,279,12501.64
2025-08-04,Page 13,Blog,strategy,Desktop,Germany,1936,211,0.109,0.66,182.0,16,113,4806.47
2025-09-25,Page 10,Landing Page,growth,Tablet,Germany,2292,484,0.211,0.34,192.6,20,13,301.79
2025-06-14,Page 18,Product Page,SEO,Tablet,Australia,315,23,0.073,0.42,179.2,50,6,90.55
2025-04-29,Page 15,Blog,data,Mobile,USA,4474,68,0.015,0.52,117.0,41,20,382.09
2025-11-06,Page 6,Blog,conversion,Mobile,USA,2956,249,0.084,0.21,59.6,18,75,702.86
2025-03-25,Page 1,FAQ,analytics,Mobile,UK,4853,1124,0.232,0.23,233.3,29,64,2828.13
2025-02-21,Page 18,Landing Page,data,Desktop,India,959,30,0.031,0.28,205.0,41,26,715.72
2025-01-20,Page 18,Blog,conversion,Tablet,USA,2709,300,0.111,0.45,278.8,21,255,10589.5
2025-09-10,Page 1,Product Page,growth,Tablet,Canada,1087,241,0.222,0.36,112.0,33,45,1445.7
2025-03-22,Page 8,Case Study,data,Mobile,Australia,4305,307,0.071,0.38,256.5,42,77,1092.01
2025-04-02,Page 6,Landing Page,conversion,Mobile,India,4596,932,0.203,0.34,220.6,36,759,35779.69
2025-02-24,Page 15,Case Study,analytics,Tablet,USA,840,58,0.069,0.38,69.4,30,39,639.31
2025-02-12,Page 15,Landing Page,data,Mobile,UK,4982,1065,0.214,0.2,96.9,33,925,7601.59
2025-04-22,Page 4,Landing Page,conversion,Desktop,Germany,3558,406,0.114,0.28,159.9,28,277,9870.7
2025-08-28,Page 4,FAQ,data,Desktop,India,676,97,0.143,0.28,65.3,46,75,1015.68
2025-08-10,Page 7,Case Study,data,Mobile,Canada,2258,214,0.095,0.25,146.2,16,209,3254.67
2025-03-10,Page 17,Case Study,conversion,Desktop,UK,4190,69,0.016,0.6,134.6,35,67,1349.95
2025-06-11,Page 5,Product Page,conversion,Mobile,India,2092,196,0.094,0.54,121.8,32,49,1651.36
2025-11-13,Page 20,FAQ,conversion,Mobile,USA,1649,146,0.089,0.32,215.1,8,80,906.3
2025-01-08,Page 8,FAQ,analytics,Tablet,UK,3932,251,0.064,0.22,46.4,12,128,2478.66
2025-01-12,Page 4,Product Page,data,Desktop,Australia,1986,369,0.186,0.47,85.9,17,44,1582.77
2025-06-19,Page 13,Blog,marketing,Mobile,UK,1444,204,0.141,0.51,52.5,7,22,710.9
