Customer_ID,SignUp_Date,Last_Active_Date,Churn_Flag,Total_Spend,Total_Orders,Avg_Order_Value,Channel,Country,Device,AgeGroup,Gender
CUST0001,2025-07-21,2025-09-04,0,2585.63,9,287.49,Referral,UK,Tablet,45-54,Male
CUST0002,2023-07-19,2024-08-11,1,4275.84,13,324.73,Social Media,India,Tablet,25-34,Female
CUST0003,2025-02-06,2025-03-06,1,17141.82,40,412.33,Email,Germany,Mobile,18-24,Male
CUST0004,2024-02-02,2025-01-13,1,7276.05,16,453.83,Social Media,India,Desktop,35-44,Other
CUST0005,2023-12-16,2024-10-26,1,4906.41,32,183.83,Social Media,India,Tablet,18-24,Other
CUST0006,2025-01-24,2025-09-03,0,2030.54,49,41.0,Email,UK,Desktop,18-24,Male
CUST0007,2024-03-02,2024-11-29,1,154.39,1,189.28,Social Media,Germany,Desktop,25-34,Other
CUST0008,2023-04-09,2025-11-12,0,5809.32,22,299.87,Email,Germany,Tablet,35-44,Other
CUST0009,2025-04-15,2025-09-10,0,8630.06,33,290.26,Social Media,USA,Tablet,18-24,Male
CUST0010,2024-11-13,2025-01-09,1,13230.51,35,354.93,Paid Ads,Germany,Tablet,18-24,Other
CUST0011,2023-11-24,2025-03-25,1,9663.94,43,274.07,Email,UK,Desktop,45-54,Female
CUST0012,2025-10-09,2025-10-27,0,1883.34,15,121.15,Paid Ads,Germany,Tablet,25-34,Female
CUST0013,2025-08-03,2025-10-07,0,10990.62,48,236.99,Social Media,India,Tablet,35-44,Female
CUST0014,2024-11-22,2025-05-06,1,9322.34,30,360.89,Social Media,Germany,Desktop,45-54,Male
CUST0015,2023-04-06,2023-06-19,1,7015.98,34,192.08,Referral,UK,Mobile,18-24,Female
CUST0016,2024-08-19,2025-06-22,0,9438.59,38,271.69,Email,Australia,Mobile,55+,Male
CUST0017,2024-08-10,2025-05-13,1,6218.31,30,187.68,Paid Ads,Australia,Tablet,18-24,Female
CUST0018,2023-05-07,2023-05-29,1,3221.12,43,77.17,Referral,Australia,Desktop,35-44,Female
CUST0019,2023-06-25,2025-01-19,1,14475.34,47,342.22,Referral,Germany,Mobile,55+,Female
CUST0020,2024-12-18,2025-07-30,0,7551.89,25,290.67,Referral,USA,Tablet,45-54,Female
CUST0021,2025-03-25,2025-10-03,0,3325.19,9,405.23,Social Media,UK,Desktop,25-34,Male
CUST0022,2024-07-08,2025-09-15,0,941.7,11,102.8,Paid Ads,Germany,Tablet,55+,Other
CUST0023,2022-12-13,2023-08-10,1,12012.2,32,387.18,Referral,Germany,Desktop,25-34,Other
CUST0024,2024-01-05,2025-01-04,1,3756.19,49,70.46,Paid Ads,Australia,Mobile,25-34,Male
CUST0025,2024-06-30,2025-02-24,1,7929.76,19,436.46,Paid Ads,Germany,Desktop,55+,Female
CUST0026,2023-05-06,2025-09-11,0,24146.32,44,493.11,Paid Ads,UK,Desktop,35-44,Female
CUST0027,2024-03-07,2025-04-11,1,3692.18,30,107.81,Social Media,UK,Tablet,25-34,Male
CUST0028,2023-04-26,2024-12-14,1,13122.49,34,353.92,Referral,Australia,Mobile,35-44,Male
CUST0029,2023-12-17,2025-08-09,0,4491.43,13,419.67,Paid Ads,UK,Desktop,45-54,Male
CUST0030,2025-04-18,2025-05-30,0,16623.74,44,342.97,Paid Ads,India,Mobile,25-34,Male
CUST0031,2024-01-01,2024-06-28,1,887.82,10,80.02,Email,Australia,Desktop,25-34,Female
CUST0032,2023-08-03,2025-07-07,0,15343.19,34,389.09,Social Media,India,Mobile,25-34,Other
CUST0033,2023-04-12,2023-08-30,1,661.03,7,99.0,Paid Ads,Germany,Tablet,25-34,Female
CUST0034,2024-03-09,2024-07-22,1,242.23,6,50.26,Referral,India,Tablet,18-24,Female
CUST0035,2023-01-06,2023-10-23,1,11414.58,23,489.35,Social Media,UK,Tablet,35-44,Other
CUST0036,2024-03-09,2025-03-24,1,17044.38,45,439.34,Referral,Germany,Desktop,55+,Male
CUST0037,2023-03-23,2024-11-22,1,4412.4,15,257.39,Referral,Australia,Tablet,35-44,Male
CUST0038,2025-02-02,2025-07-21,0,1080.44,27,47.85,Paid Ads,USA,Tablet,35-44,Other
CUST0039,2025-11-13,2025-11-14,0,2894.37,10,256.52,Email,USA,Desktop,35-44,Female
CUST0040,2023-09-22,2025-09-21,0,16847.93,34,416.57,Referral,Germany,Mobile,45-54,Male
CUST0041,2024-10-04,2025-05-22,0,16150.78,39,430.69,Social Media,India,Mobile,55+,Male
CUST0042,2024-08-14,2025-03-01,1,2281.82,7,286.02,Email,Australia,Mobile,18-24,Female
CUST0043,2024-12-03,2025-08-13,0,10654.4,28,356.55,Paid Ads,Germany,Desktop,35-44,Male
CUST0044,2024-01-31,2025-04-23,1,9599.15,46,244.16,Referral,India,Mobile,18-24,Female
CUST0045,2023-03-26,2023-12-20,1,1372.15,6,233.13,Social Media,Germany,Mobile,25-34,Female
CUST0046,2024-06-09,2025-10-02,0,11287.49,47,218.07,Social Media,Australia,Desktop,25-34,Male
CUST0047,2025-03-03,2025-07-04,0,8867.06,42,203.99,Email,USA,Desktop,18-24,Other
CUST0048,2023-01-30,2023-04-21,1,4004.1,16,246.59,Social Media,UK,Desktop,35-44,Other
CUST0049,2024-01-07,2024-03-22,1,6854.88,24,297.35,Social Media,UK,Mobile,18-24,Female
CUST0050,2025-08-20,2025-11-04,0,13557.37,48,321.42,Paid Ads,Germany,Desktop,25-34,Male
CUST0051,2025-01-30,2025-07-09,0,1912.16,21,94.71,Referral,India,Tablet,18-24,Other
CUST0052,2025-09-28,2025-10-21,0,23401.78,48,455.61,Paid Ads,USA,Desktop,18-24,Other
CUST0053,2023-05-18,2024-03-19,1,17158.7,43,471.33,Social Media,Germany,Desktop,18-24,Male
CUST0054,2023-05-27,2025-01-18,1,13613.33,27,442.32,Social Media,USA,Mobile,45-54,Female
CUST0055,2023-02-27,2025-05-19,1,773.0,4,173.9,Referral,Australia,Desktop,35-44,Male
CUST0056,2025-04-08,2025-10-23,0,7535.41,39,179.67,Social Media,UK,Mobile,25-34,Male
CUST0057,2025-02-16,2025-05-07,1,5972.37,13,447.3,Referral,Australia,Mobile,25-34,Female
CUST0058,2023-09-24,2024-12-11,1,11028.53,50,188.34,Email,UK,Mobile,25-34,Male
CUST0059,2023-12-02,2025-04-07,1,3531.44,8,381.3,Referral,Australia,Mobile,35-44,Male
CUST0060,2023-09-21,2023-10-28,1,4671.75,15,288.25,Social Media,India,Desktop,45-54,Female
CUST0061,2023-09-29,2025-05-14,1,14656.04,45,306.55,Social Media,Germany,Mobile,25-34,Other
CUST0062,2022-11-23,2023-11-24,1,4873.08,39,142.67,Email,USA,Desktop,35-44,Male
CUST0063,2023-02-14,2025-04-18,1,4140.69,24,145.32,Email,UK,Mobile,45-54,Female
CUST0064,2025-06-12,2025-09-14,0,6244.67,11,487.78,Social Media,UK,Mobile,55+,Male
CUST0065,2023-01-18,2023-08-29,1,11380.99,27,441.09,Paid Ads,USA,Mobile,25-34,Other
CUST0066,2024-08-18,2024-11-19,1,3648.06,35,124.27,Referral,USA,Tablet,55+,Other
CUST0067,2024-05-25,2025-02-08,1,3435.09,47,73.66,Referral,UK,Tablet,35-44,Male
CUST0068,2024-11-29,2025-04-03,1,5931.17,25,211.83,Email,UK,Tablet,55+,Other
CUST0069,2023-05-27,2024-03-16,1,5628.88,33,207.86,Referral,Germany,Desktop,55+,Female
CUST0070,2023-08-14,2025-01-18,1,16255.85,44,460.6,Social Media,India,Tablet,55+,Female
CUST0071,2025-09-24,2025-11-05,0,742.04,7,91.42,Paid Ads,USA,Desktop,45-54,Female
CUST0072,2025-02-04,2025-03-19,1,5087.27,17,315.68,Email,USA,Tablet,25-34,Female
CUST0073,2025-02-16,2025-08-13,0,3229.96,16,214.71,Email,Australia,Tablet,45-54,Male
CUST0074,2023-12-21,2024-12-17,1,239.04,2,100.73,Referral,Germany,Mobile,45-54,Male
CUST0075,2025-10-11,2025-10-30,0,797.33,2,374.06,Paid Ads,Australia,Mobile,25-34,Female
CUST0076,2025-01-14,2025-02-04,1,5712.79,29,196.68,Referral,Australia,Mobile,25-34,Male
CUST0077,2025-06-30,2025-11-03,0,5629.14,40,138.5,Email,USA,Tablet,45-54,Other
CUST0078,2024-08-25,2025-07-12,0,5835.12,21,296.12,Referral,USA,Mobile,45-54,Male
CUST0079,2024-11-07,2025-07-01,0,1130.25,37,30.95,Email,Australia,Tablet,18-24,Other
CUST0080,2025-01-12,2025-11-09,0,839.7,15,48.69,Paid Ads,India,Tablet,45-54,Female
CUST0081,2025-06-26,2025-08-26,0,5568.46,28,195.93,Social Media,Australia,Mobile,35-44,Male
CUST0082,2025-07-19,2025-08-18,0,1695.58,46,43.36,Social Media,India,Desktop,45-54,Male
CUST0083,2024-01-07,2024-11-27,1,4238.37,14,307.38,Email,UK,Tablet,55+,Female
CUST0084,2025-11-01,2025-11-01,0,14299.3,47,299.27,Referral,Germany,Desktop,45-54,Female
CUST0085,2024-09-12,2025-03-31,1,4277.41,15,337.82,Referral,UK,Mobile,25-34,Other
CUST0086,2025-09-11,2025-10-04,0,5185.12,37,150.63,Email,India,Tablet,25-34,Female
CUST0087,2025-02-25,2025-03-31,1,12760.01,35,395.5,Social Media,USA,Desktop,45-54,Female
CUST0088,2023-12-06,2025-03-21,1,20313.44,46,483.52,Referral,Australia,Tablet,45-54,Male
CUST0089,2024-09-08,2025-06-26,0,5395.59,38,138.11,Referral,UK,Desktop,45-54,Female
CUST0090,2024-11-16,2025-08-17,0,5862.65,15,392.17,Social Media,USA,Desktop,35-44,Male
CUST0091,2025-05-03,2025-09-06,0,14316.7,30,442.29,Paid Ads,Australia,Tablet,55+,Female
CUST0092,2024-02-02,2025-02-14,1,4347.41,21,209.04,Referral,Germany,Tablet,18-24,Female
CUST0093,2025-11-14,2025-11-14,0,17516.67,42,402.04,Email,India,Desktop,45-54,Male
CUST0094,2023-06-30,2025-05-19,1,981.07,12,99.69,Paid Ads,UK,Mobile,25-34,Female
CUST0095,2024-08-26,2025-09-06,0,1694.26,5,295.56,Email,Germany,Mobile,55+,Other
CUST0096,2024-09-13,2024-10-23,1,8521.58,43,183.26,Referral,USA,Tablet,18-24,Other
CUST0097,2025-11-10,2025-11-12,0,1508.79,10,170.36,Email,Australia,Tablet,35-44,Male
CUST0098,2024-12-02,2025-09-11,0,2064.34,36,64.32,Social Media,India,Desktop,55+,Other
CUST0099,2022-12-25,2024-03-31,1,579.34,4,163.1,Email,USA,Tablet,35-44,Male
CUST0100,2024-06-28,2024-12-18,1,5053.85,14,389.12,Social Media,Germany,Tablet,55+,Female
CUST0101,2025-03-23,2025-09-10,0,2457.17,38,60.74,Email,UK,Mobile,35-44,Female
CUST0102,2023-09-24,2024-08-27,1,17577.48,39,483.96,Social Media,Australia,Tablet,45-54,Other
CUST0103,2024-02-10,2024-11-10,1,1130.33,25,49.56,Social Media,UK,Tablet,55+,Other
CUST0104,2023-03-24,2023-10-25,1,1207.74,19,54.37,Paid Ads,UK,Tablet,35-44,Male
CUST0105,2023-07-26,2024-12-26,1,6396.48,18,406.25,Referral,USA,Tablet,55+,Male
CUST0106,2025-02-08,2025-04-24,1,2029.24,7,335.47,Social Media,UK,Tablet,35-44,Other
CUST0107,2024-01-07,2024-01-13,1,19528.95,46,363.74,Referral,Germany,Desktop,55+,Female
CUST0108,2023-05-12,2023-07-19,1,7009.53,48,162.69,Referral,India,Tablet,25-34,Female
CUST0109,2025-05-09,2025-07-24,0,3921.97,9,444.92,Social Media,Australia,Mobile,45-54,Male
CUST0110,2024-05-17,2024-05-31,1,6598.87,24,336.86,Social Media,UK,Tablet,18-24,Male
CUST0111,2025-07-30,2025-11-14,0,1437.84,7,234.16,Paid Ads,India,Desktop,45-54,Other
CUST0112,2025-11-10,2025-11-14,0,916.46,45,24.03,Paid Ads,Germany,Desktop,25-34,Male
CUST0113,2024-08-30,2024-11-28,1,3050.8,34,75.1,Paid Ads,India,Desktop,25-34,Female
CUST0114,2023-02-10,2024-12-21,1,8495.01,29,272.12,Referral,USA,Tablet,45-54,Other
CUST0115,2024-08-26,2025-08-17,0,4595.58,14,397.79,Social Media,India,Desktop,55+,Other
CUST0116,2023-10-08,2024-12-11,1,334.44,1,361.35,Social Media,Germany,Tablet,18-24,Female
CUST0117,2025-08-04,2025-08-06,0,9686.67,40,237.52,Social Media,India,Tablet,55+,Male
CUST0118,2022-12-26,2024-07-16,1,11497.03,38,313.37,Referral,Australia,Mobile,55+,Male
CUST0119,2024-02-08,2025-07-23,0,4818.98,16,338.69,Paid Ads,USA,Desktop,55+,Male
CUST0120,2023-08-05,2025-10-05,0,7408.67,33,199.55,Referral,Australia,Mobile,35-44,Other
CUST0121,2024-03-09,2024-11-16,1,764.7,20,45.49,Referral,Germany,Mobile,25-34,Male
CUST0122,2025-06-26,2025-10-10,0,4891.98,26,168.76,Social Media,Germany,Mobile,18-24,Male
CUST0123,2023-01-11,2025-03-30,1,9040.05,28,270.16,Paid Ads,USA,Mobile,45-54,Male
CUST0124,2025-10-07,2025-11-08,0,10893.17,25,367.28,Paid Ads,India,Tablet,45-54,Female
CUST0125,2024-06-17,2024-10-13,1,10851.85,26,452.81,Email,UK,Mobile,18-24,Other
CUST0126,2025-05-23,2025-06-21,0,239.39,1,230.35,Paid Ads,India,Desktop,35-44,Female
CUST0127,2025-03-25,2025-08-27,0,1124.75,2,496.28,Email,Australia,Desktop,35-44,Male
CUST0128,2023-03-14,2025-07-19,0,23861.64,50,418.18,Paid Ads,USA,Tablet,18-24,Other
CUST0129,2025-02-07,2025-05-19,1,17210.18,38,412.44,Social Media,Germany,Tablet,55+,Female
CUST0130,2023-05-06,2024-12-11,1,2984.3,11,333.89,Social Media,India,Mobile,18-24,Female
CUST0131,2024-10-09,2025-07-24,0,1826.76,25,80.94,Social Media,Germany,Desktop,25-34,Female
CUST0132,2023-12-09,2025-03-12,1,132.98,6,23.17,Paid Ads,UK,Tablet,25-34,Female
CUST0133,2022-11-18,2024-05-31,1,12700.43,37,302.66,Referral,UK,Tablet,25-34,Other
CUST0134,2023-09-06,2024-12-21,1,7780.91,18,366.33,Referral,USA,Desktop,55+,Female
CUST0135,2023-09-10,2025-09-18,0,958.25,3,364.85,Email,Germany,Tablet,25-34,Male
CUST0136,2025-08-07,2025-08-13,0,17703.07,41,467.48,Paid Ads,Australia,Desktop,18-24,Male
CUST0137,2024-11-02,2025-08-13,0,11182.3,39,260.65,Email,Australia,Tablet,45-54,Male
CUST0138,2025-11-07,2025-11-13,0,1305.24,41,28.82,Paid Ads,UK,Tablet,55+,Other
CUST0139,2025-04-04,2025-09-25,0,2427.26,6,400.56,Referral,UK,Desktop,55+,Female
CUST0140,2024-05-14,2025-08-01,0,5855.85,21,275.02,Email,UK,Mobile,18-24,Female
CUST0141,2023-11-12,2025-09-03,0,4237.82,26,138.35,Social Media,UK,Tablet,55+,Male
CUST0142,2023-02-23,2025-06-29,0,1597.52,5,304.14,Email,India,Desktop,55+,Other
CUST0143,2024-09-25,2025-10-11,0,6712.7,20,404.53,Email,Germany,Mobile,25-34,Other
CUST0144,2023-05-15,2024-05-18,1,8928.92,36,236.75,Paid Ads,UK,Desktop,35-44,Other
CUST0145,2024-08-27,2025-10-21,0,9161.93,20,458.82,Paid Ads,India,Desktop,55+,Male
CUST0146,2024-07-02,2024-09-15,1,884.77,3,354.21,Email,UK,Tablet,55+,Other
CUST0147,2025-11-08,2025-11-11,0,1279.26,4,379.33,Social Media,Australia,Desktop,45-54,Female
CUST0148,2024-10-25,2025-10-24,0,1598.73,7,200.56,Email,Australia,Tablet,45-54,Male
CUST0149,2023-08-07,2023-10-08,1,4903.45,24,171.46,Social Media,UK,Desktop,55+,Other
CUST0150,2024-07-31,2024-10-06,1,5768.36,47,136.39,Referral,India,Mobile,25-34,Other
CUST0151,2023-02-27,2024-06-16,1,78.8,1,80.24,Email,Australia,Tablet,55+,Female
CUST0152,2025-01-08,2025-07-31,0,13267.31,39,387.44,Email,USA,Mobile,18-24,Female
CUST0153,2025-04-30,2025-08-29,0,13498.93,27,431.63,Paid Ads,USA,Tablet,25-34,Female
CUST0154,2024-07-30,2025-08-06,0,10846.4,35,345.34,Social Media,USA,Tablet,35-44,Other
CUST0155,2024-12-18,2025-09-19,0,2052.48,12,161.46,Referral,Australia,Tablet,25-34,Female
CUST0156,2024-07-14,2025-08-11,0,978.73,3,297.04,Paid Ads,Germany,Tablet,45-54,Other
CUST0157,2024-10-12,2025-11-13,0,4262.82,26,193.64,Social Media,Australia,Mobile,45-54,Female
CUST0158,2025-10-06,2025-11-10,0,5665.82,23,301.0,Social Media,USA,Desktop,45-54,Male
CUST0159,2025-04-06,2025-06-26,0,5901.45,30,232.27,Paid Ads,USA,Tablet,35-44,Male
CUST0160,2023-01-25,2023-12-14,1,8075.27,32,262.07,Paid Ads,Australia,Mobile,45-54,Male
CUST0161,2023-03-30,2024-12-24,1,3033.82,20,183.35,Paid Ads,Germany,Mobile,18-24,Male
CUST0162,2025-01-29,2025-04-01,1,1167.57,33,29.98,Email,India,Desktop,55+,Other
CUST0163,2023-05-26,2023-06-07,1,7728.0,30,245.5,Email,Australia,Desktop,18-24,Male
CUST0164,2024-12-14,2025-04-28,1,3481.51,11,307.93,Referral,India,Tablet,45-54,Female
CUST0165,2024-06-10,2025-01-30,1,1889.83,5,448.65,Paid Ads,UK,Desktop,45-54,Other
CUST0166,2025-05-16,2025-08-25,0,4373.3,14,343.58,Paid Ads,India,Tablet,25-34,Other
CUST0167,2024-10-24,2025-04-02,1,12445.86,37,310.86,Social Media,Australia,Tablet,45-54,Male
CUST0168,2023-03-15,2023-06-01,1,7319.19,28,248.68,Email,UK,Desktop,25-34,Male
CUST0169,2025-05-13,2025-07-12,0,5119.39,44,99.54,Social Media,Australia,Tablet,45-54,Other
CUST0170,2023-11-06,2025-06-12,0,1052.32,3,312.65,Email,India,Mobile,45-54,Female
CUST0171,2023-09-22,2025-07-22,0,510.19,23,25.08,Social Media,Australia,Desktop,25-34,Other
CUST0172,2023-04-08,2025-06-28,0,4779.41,37,138.09,Social Media,UK,Tablet,25-34,Other
CUST0173,2025-05-08,2025-10-24,0,1852.24,11,204.24,Email,Germany,Desktop,18-24,Other
CUST0174,2025-10-28,2025-11-15,0,2405.56,19,136.43,Paid Ads,UK,Tablet,45-54,Male
CUST0175,2023-07-23,2025-05-14,1,2083.38,22,107.16,Email,UK,Mobile,55+,Other
CUST0176,2023-08-26,2025-07-29,0,2145.81,26,71.6,Referral,India,Mobile,35-44,Female
CUST0177,2024-03-16,2024-07-02,1,8916.29,34,246.53,Social Media,USA,Tablet,35-44,Male
CUST0178,2022-11-23,2025-03-29,1,6541.37,31,250.77,Referral,USA,Desktop,45-54,Female
CUST0179,2023-09-18,2024-08-17,1,1804.07,7,237.98,Email,India,Tablet,45-54,Male
CUST0180,2024-06-27,2024-08-11,1,15095.69,36,405.47,Email,Germany,Desktop,45-54,Other
CUST0181,2024-11-21,2024-11-27,1,7170.62,42,153.69,Referral,Australia,Tablet,55+,Male
CUST0182,2024-09-06,2025-06-19,0,1812.49,8,241.11,Referral,Australia,Desktop,18-24,Female
CUST0183,2024-04-02,2025-11-12,0,15525.06,43,316.6,Email,USA,Desktop,55+,Male
CUST0184,2023-10-14,2025-01-12,1,5072.41,41,129.7,Social Media,India,Tablet,18-24,Other
CUST0185,2024-03-14,2024-11-24,1,1974.35,22,76.29,Email,India,Tablet,25-34,Other
CUST0186,2024-05-15,2024-12-24,1,18116.55,36,448.38,Social Media,India,Desktop,18-24,Female
CUST0187,2025-05-12,2025-07-25,0,6857.24,17,435.01,Paid Ads,USA,Desktop,35-44,Other
CUST0188,2024-04-18,2025-07-19,0,2354.28,21,97.63,Referral,Germany,Desktop,45-54,Male
CUST0189,2023-09-05,2024-08-08,1,1586.66,43,33.06,Social Media,India,Desktop,35-44,Male
CUST0190,2023-10-01,2025-07-18,0,3863.12,40,114.75,Referral,UK,Desktop,25-34,Male
CUST0191,2025-10-23,2025-11-15,0,15264.06,29,495.58,Paid Ads,Australia,Tablet,35-44,Other
CUST0192,2025-11-15,2025-11-15,0,14207.31,43,290.04,Paid Ads,Australia,Mobile,35-44,Other
CUST0193,2025-08-02,2025-09-16,0,7100.8,33,238.53,Referral,Germany,Mobile,55+,Female
CUST0194,2024-06-08,2025-04-20,1,1414.25,6,285.79,Referral,Germany,Tablet,45-54,Male
CUST0195,2025-06-19,2025-09-03,0,14167.17,35,381.23,Paid Ads,UK,Tablet,18-24,Female
CUST0196,2023-10-25,2024-05-25,1,251.63,4,65.99,Referral,UK,Desktop,45-54,Male
CUST0197,2023-10-26,2024-06-19,1,11751.28,25,408.86,Paid Ads,USA,Mobile,55+,Other
CUST0198,2022-11-21,2023-06-29,1,5233.79,37,128.31,Paid Ads,USA,Tablet,25-34,Male
CUST0199,2023-10-25,2024-08-27,1,7364.29,39,165.37,Paid Ads,Australia,Tablet,45-54,Male
CUST0200,2023-04-06,2024-10-02,1,5476.28,26,186.99,Referral,Germany,Tablet,25-34,Other
CUST0201,2025-07-18,2025-10-24,0,1661.92,7,267.64,Referral,Australia,Tablet,55+,Female
CUST0202,2025-07-29,2025-10-22,0,12365.17,40,312.53,Referral,Australia,Desktop,45-54,Female
CUST0203,2023-02-19,2023-05-13,1,761.83,2,369.8,Referral,Germany,Desktop,25-34,Female
CUST0204,2024-06-10,2025-01-14,1,1358.87,3,443.44,Paid Ads,UK,Mobile,25-34,Other
CUST0205,2023-01-18,2024-06-30,1,2387.69,4,499.32,Email,India,Desktop,18-24,Other
CUST0206,2024-08-09,2024-08-21,1,19293.33,39,493.52,Referral,UK,Mobile,18-24,Other
CUST0207,2024-11-14,2025-10-11,0,9676.32,28,295.38,Referral,USA,Mobile,55+,Female
CUST0208,2024-11-13,2025-04-17,1,9470.53,36,225.69,Social Media,UK,Mobile,35-44,Other
CUST0209,2025-06-14,2025-11-03,0,3125.03,32,98.61,Email,Germany,Tablet,55+,Female
CUST0210,2024-11-30,2025-03-09,1,720.0,11,61.75,Referral,UK,Tablet,18-24,Female
CUST0211,2023-09-30,2025-03-08,1,2296.43,7,338.46,Social Media,India,Tablet,55+,Other
CUST0212,2023-03-15,2025-01-01,1,3628.61,41,84.48,Email,Germany,Desktop,35-44,Female
CUST0213,2025-09-20,2025-11-11,0,4378.78,24,159.63,Paid Ads,UK,Mobile,25-34,Male
CUST0214,2024-01-11,2025-01-05,1,9760.27,42,248.99,Email,USA,Desktop,55+,Male
CUST0215,2025-02-11,2025-06-20,0,12762.52,37,288.05,Paid Ads,India,Desktop,55+,Male
CUST0216,2023-02-06,2023-09-24,1,5154.73,11,422.85,Email,Australia,Desktop,18-24,Female
CUST0217,2023-09-13,2023-10-15,1,12366.26,42,253.17,Referral,Australia,Mobile,55+,Other
CUST0218,2024-03-17,2025-02-08,1,3298.67,8,397.68,Email,India,Tablet,45-54,Female
CUST0219,2023-09-03,2023-09-07,1,6561.3,15,401.04,Social Media,India,Mobile,18-24,Female
CUST0220,2024-03-26,2024-06-08,1,18436.53,38,420.78,Paid Ads,USA,Desktop,25-34,Other
CUST0221,2023-12-16,2025-07-25,0,6642.67,21,295.34,Paid Ads,India,Desktop,45-54,Male
CUST0222,2024-01-30,2024-05-06,1,3436.07,22,172.41,Paid Ads,India,Mobile,35-44,Other
CUST0223,2023-08-17,2024-05-28,1,209.65,2,114.84,Paid Ads,India,Tablet,35-44,Other
CUST0224,2025-02-18,2025-09-14,0,1312.39,7,191.42,Email,India,Mobile,55+,Other
CUST0225,2024-03-28,2024-09-17,1,2058.97,38,53.05,Referral,Germany,Desktop,45-54,Other
CUST0226,2024-01-21,2025-01-19,1,3051.14,10,317.98,Social Media,UK,Tablet,35-44,Female
CUST0227,2024-06-16,2025-10-24,0,1020.98,7,146.64,Email,UK,Mobile,55+,Male
CUST0228,2024-06-12,2025-04-16,1,2235.05,30,64.36,Paid Ads,USA,Mobile,55+,Other
CUST0229,2024-05-08,2024-12-03,1,7197.43,19,466.62,Social Media,India,Desktop,45-54,Male
CUST0230,2023-08-30,2023-11-17,1,1550.64,29,45.47,Social Media,USA,Tablet,25-34,Other
CUST0231,2024-06-20,2025-09-08,0,5907.18,30,194.12,Email,India,Mobile,35-44,Female
CUST0232,2023-03-18,2023-06-05,1,11171.62,26,399.42,Referral,Germany,Desktop,45-54,Male
CUST0233,2024-07-01,2024-10-24,1,14343.08,34,373.54,Email,UK,Mobile,35-44,Other
CUST0234,2025-09-23,2025-11-12,0,705.89,10,87.81,Social Media,Germany,Mobile,55+,Male
CUST0235,2023-08-13,2024-07-05,1,2016.84,35,52.73,Social Media,India,Mobile,45-54,Male
CUST0236,2024-03-08,2025-11-03,0,3100.47,25,110.03,Email,USA,Tablet,55+,Male
CUST0237,2023-05-29,2025-03-06,1,928.09,2,424.27,Email,USA,Desktop,55+,Other
CUST0238,2024-04-18,2025-04-09,1,7803.41,43,166.78,Referral,UK,Mobile,35-44,Other
CUST0239,2023-06-17,2025-02-08,1,2559.83,6,366.31,Paid Ads,UK,Tablet,18-24,Female
CUST0240,2023-08-23,2025-06-24,0,7072.7,23,303.33,Social Media,Australia,Tablet,25-34,Female
CUST0241,2023-04-22,2025-10-06,0,6669.22,27,240.74,Email,India,Tablet,35-44,Other
CUST0242,2025-03-22,2025-04-28,1,14559.15,45,357.04,Referral,India,Tablet,45-54,Female
CUST0243,2023-10-12,2024-01-31,1,11058.61,50,231.99,Email,Australia,Tablet,55+,Female
CUST0244,2025-05-22,2025-08-27,0,7491.45,15,421.0,Social Media,UK,Tablet,25-34,Other
CUST0245,2024-02-22,2025-06-24,0,5274.8,12,452.1,Paid Ads,Germany,Desktop,25-34,Other
CUST0246,2023-03-02,2024-11-27,1,3359.01,19,181.08,Social Media,Australia,Desktop,55+,Female
CUST0247,2024-11-23,2025-02-18,1,10286.88,34,353.68,Referral,USA,Mobile,55+,Female
CUST0248,2023-09-04,2024-06-02,1,15686.07,41,461.85,Referral,Germany,Mobile,45-54,Male
CUST0249,2025-04-23,2025-11-15,0,2176.8,21,112.17,Referral,USA,Tablet,45-54,Male
CUST0250,2025-07-29,2025-10-04,0,19036.7,42,438.36,Paid Ads,Germany,Desktop,18-24,Female
CUST0251,2023-01-11,2024-06-05,1,13619.24,31,456.89,Email,UK,Desktop,25-34,Male
CUST0252,2025-04-12,2025-08-24,0,207.97,3,80.94,Referral,Australia,Desktop,55+,Female
CUST0253,2023-11-20,2024-07-06,1,4173.82,41,100.33,Email,USA,Tablet,45-54,Female
CUST0254,2025-07-24,2025-08-07,0,5414.07,34,197.68,Social Media,Australia,Tablet,35-44,Female
CUST0255,2025-01-31,2025-06-21,0,3325.81,33,89.83,Social Media,Australia,Mobile,55+,Male
CUST0256,2024-09-29,2025-05-22,0,6989.35,33,205.59,Paid Ads,Australia,Tablet,35-44,Other
CUST0257,2023-05-19,2024-08-04,1,9544.92,48,184.45,Paid Ads,Germany,Tablet,18-24,Male
CUST0258,2023-09-25,2023-11-02,1,20080.68,46,433.58,Social Media,India,Tablet,45-54,Female
CUST0259,2023-04-17,2024-08-13,1,6679.12,39,163.92,Social Media,USA,Desktop,45-54,Male
CUST0260,2023-05-06,2024-03-26,1,12729.01,26,491.98,Referral,USA,Tablet,35-44,Other
CUST0261,2023-10-06,2024-11-24,1,254.3,1,298.5,Social Media,Australia,Tablet,55+,Male
CUST0262,2024-05-30,2025-01-16,1,923.5,29,31.04,Email,USA,Mobile,35-44,Female
CUST0263,2024-09-30,2025-05-03,1,1607.08,10,143.56,Paid Ads,UK,Tablet,18-24,Female
CUST0264,2023-08-07,2025-07-07,0,9363.85,27,338.61,Referral,UK,Desktop,18-24,Male
CUST0265,2023-08-18,2024-08-08,1,4084.32,19,190.48,Paid Ads,Germany,Tablet,45-54,Other
CUST0266,2023-02-04,2024-08-04,1,1166.44,26,38.15,Paid Ads,USA,Mobile,25-34,Female
CUST0267,2024-02-24,2025-06-19,0,2270.07,47,42.03,Email,Australia,Desktop,35-44,Other
CUST0268,2022-12-27,2024-04-06,1,10741.27,38,309.21,Social Media,Germany,Mobile,35-44,Other
CUST0269,2025-07-20,2025-08-18,0,2818.72,11,232.58,Social Media,USA,Desktop,35-44,Female
CUST0270,2024-04-08,2024-12-28,1,13686.81,39,302.55,Social Media,Australia,Mobile,18-24,Other
CUST0271,2023-12-26,2024-03-19,1,20764.48,43,445.57,Social Media,USA,Tablet,18-24,Female
CUST0272,2025-03-18,2025-06-28,0,2715.47,15,151.77,Email,Germany,Tablet,35-44,Female
CUST0273,2024-08-26,2025-02-21,1,196.17,1,180.61,Paid Ads,India,Tablet,25-34,Male
CUST0274,2024-02-19,2024-12-15,1,17960.7,49,383.12,Social Media,USA,Tablet,45-54,Female
CUST0275,2024-07-06,2025-08-26,0,1216.33,11,124.81,Email,UK,Desktop,55+,Other
CUST0276,2023-06-08,2025-03-10,1,630.14,3,190.72,Referral,UK,Desktop,25-34,Female
CUST0277,2024-06-02,2025-11-16,0,8426.25,40,179.12,Email,India,Mobile,25-34,Other
CUST0278,2023-05-07,2024-12-02,1,3114.37,7,440.33,Email,Australia,Desktop,55+,Other
CUST0279,2023-06-19,2023-09-01,1,4668.44,34,119.98,Email,Germany,Tablet,55+,Other
CUST0280,2023-12-15,2024-05-24,1,984.18,29,32.38,Social Media,Germany,Desktop,45-54,Female
CUST0281,2024-10-03,2024-12-29,1,921.03,29,37.23,Paid Ads,UK,Mobile,35-44,Male
CUST0282,2024-06-06,2024-08-07,1,1095.57,29,35.32,Social Media,USA,Desktop,35-44,Male
CUST0283,2025-04-30,2025-07-17,0,5770.73,28,224.77,Referral,Germany,Mobile,45-54,Male
CUST0284,2023-07-25,2024-09-05,1,1831.25,16,136.51,Referral,Australia,Tablet,55+,Other
CUST0285,2025-10-13,2025-10-31,0,5042.39,23,271.29,Paid Ads,USA,Desktop,35-44,Other
CUST0286,2023-03-17,2025-08-01,0,6316.86,49,118.8,Social Media,Germany,Mobile,18-24,Male
CUST0287,2024-04-04,2025-06-01,0,2192.06,11,192.55,Paid Ads,UK,Mobile,25-34,Other
CUST0288,2024-08-24,2025-07-01,0,16181.16,45,445.15,Referral,USA,Mobile,45-54,Female
CUST0289,2024-05-13,2025-02-24,1,17807.97,42,435.16,Paid Ads,Germany,Tablet,35-44,Female
CUST0290,2025-05-31,2025-09-11,0,5327.09,17,290.85,Email,India,Tablet,45-54,Other
CUST0291,2022-12-18,2024-09-01,1,8267.23,25,389.95,Email,India,Mobile,45-54,Female
CUST0292,2025-05-15,2025-11-04,0,2257.66,17,146.99,Paid Ads,Germany,Tablet,25-34,Other
CUST0293,2023-03-21,2025-05-14,1,4076.55,16,285.8,Email,USA,Tablet,18-24,Male
CUST0294,2024-09-12,2025-04-03,1,5156.31,30,180.92,Paid Ads,UK,Tablet,25-34,Female
CUST0295,2023-08-18,2025-03-25,1,650.47,2,300.82,Paid Ads,Germany,Mobile,35-44,Male
CUST0296,2025-08-18,2025-09-15,0,143.66,1,156.41,Social Media,India,Mobile,35-44,Other
CUST0297,2024-12-14,2025-06-03,0,774.25,14,54.71,Email,Germany,Desktop,55+,Female
CUST0298,2023-06-13,2024-04-29,1,6046.34,36,149.02,Referral,India,Mobile,55+,Male
CUST0299,2025-01-14,2025-10-12,0,4879.78,27,217.42,Email,USA,Mobile,55+,Female
CUST0300,2025-10-30,2025-11-14,0,6469.41,21,301.11,Social Media,Australia,Mobile,55+,Female
CUST0301,2023-03-03,2023-04-01,1,3330.59,10,278.91,Referral,India,Mobile,45-54,Female
CUST0302,2025-02-24,2025-08-11,0,2900.21,5,496.74,Social Media,USA,Mobile,55+,Female
CUST0303,2024-08-31,2025-09-28,0,11829.29,45,328.19,Referral,UK,Tablet,35-44,Female
CUST0304,2025-01-27,2025-07-20,0,3820.56,34,98.83,Email,UK,Desktop,55+,Other
CUST0305,2023-02-22,2025-08-01,0,224.22,4,61.73,Social Media,India,Mobile,55+,Female
CUST0306,2023-12-03,2024-06-02,1,1903.26,6,319.95,Referral,Australia,Mobile,25-34,Female
CUST0307,2023-12-25,2024-01-02,1,1733.45,5,368.21,Paid Ads,USA,Tablet,35-44,Male
CUST0308,2025-06-30,2025-07-13,0,2741.67,22,135.42,Referral,India,Desktop,55+,Male
CUST0309,2024-12-01,2024-12-13,1,359.44,13,27.32,Referral,UK,Tablet,25-34,Other
CUST0310,2023-02-14,2025-07-19,0,3948.92,19,224.11,Email,UK,Mobile,45-54,Female
CUST0311,2022-11-27,2025-10-29,0,2573.34,8,381.87,Social Media,Australia,Desktop,25-34,Female
CUST0312,2025-03-05,2025-09-16,0,5707.17,36,159.82,Email,India,Mobile,25-34,Other
CUST0313,2024-10-17,2025-08-02,0,1277.86,6,226.11,Paid Ads,UK,Tablet,25-34,Female
CUST0314,2024-07-16,2024-11-07,1,18159.36,44,402.15,Social Media,UK,Desktop,55+,Male
CUST0315,2023-05-25,2023-10-09,1,3182.69,9,398.28,Email,UK,Tablet,55+,Other
CUST0316,2023-08-16,2025-01-06,1,4485.4,10,488.01,Email,Germany,Desktop,18-24,Other
CUST0317,2024-09-22,2025-03-04,1,5804.08,48,117.53,Email,Germany,Mobile,35-44,Female
CUST0318,2022-12-18,2024-07-04,1,1330.76,3,458.97,Social Media,Germany,Tablet,18-24,Male
CUST0319,2024-12-23,2025-11-07,0,19818.47,42,393.24,Email,USA,Mobile,45-54,Female
CUST0320,2024-10-28,2025-10-19,0,2405.4,46,44.49,Paid Ads,USA,Desktop,55+,Other
CUST0321,2025-09-19,2025-11-07,0,279.37,12,24.9,Social Media,Australia,Tablet,55+,Female
CUST0322,2024-07-12,2024-07-18,1,1871.69,10,216.47,Referral,Australia,Tablet,25-34,Female
CUST0323,2023-12-07,2024-08-26,1,13944.24,34,411.88,Email,USA,Desktop,45-54,Other
CUST0324,2024-08-09,2024-12-28,1,1859.11,15,146.93,Social Media,India,Desktop,25-34,Female
CUST0325,2023-10-30,2025-05-14,1,2689.09,9,269.28,Paid Ads,India,Mobile,18-24,Male
CUST0326,2023-03-12,2025-09-15,0,3386.23,16,256.58,Social Media,Australia,Mobile,35-44,Male
CUST0327,2023-04-30,2023-09-03,1,4285.11,28,163.11,Referral,India,Tablet,45-54,Female
CUST0328,2022-12-13,2025-03-30,1,1463.24,5,246.4,Email,UK,Tablet,18-24,Other
CUST0329,2025-04-15,2025-10-06,0,23065.19,50,393.55,Email,USA,Mobile,25-34,Male
CUST0330,2023-04-12,2025-09-10,0,9018.31,25,408.03,Paid Ads,UK,Tablet,35-44,Other
CUST0331,2025-02-09,2025-05-24,0,2640.51,14,196.33,Email,UK,Desktop,35-44,Other
CUST0332,2025-02-10,2025-04-23,1,10439.11,41,239.04,Social Media,UK,Desktop,55+,Female
CUST0333,2024-10-16,2025-02-20,1,16470.25,45,395.91,Social Media,Germany,Desktop,45-54,Other
CUST0334,2023-04-06,2025-10-24,0,5178.03,37,120.25,Email,UK,Tablet,55+,Other
CUST0335,2022-11-19,2023-05-05,1,14906.5,40,331.42,Referral,USA,Tablet,45-54,Male
CUST0336,2025-01-22,2025-06-25,0,3960.45,29,164.28,Email,Germany,Mobile,25-34,Male
CUST0337,2024-10-17,2025-10-17,0,854.39,30,34.83,Social Media,UK,Tablet,25-34,Other
CUST0338,2025-03-10,2025-04-25,1,624.53,12,47.05,Email,Germany,Tablet,45-54,Female
CUST0339,2023-10-21,2024-05-28,1,670.09,2,401.84,Referral,Germany,Tablet,55+,Female
CUST0340,2023-08-30,2025-08-11,0,10126.04,49,213.67,Referral,India,Mobile,45-54,Male
CUST0341,2024-02-18,2025-07-12,0,20722.89,47,413.32,Social Media,Germany,Desktop,18-24,Other
CUST0342,2023-07-14,2024-08-01,1,3993.98,17,219.02,Email,India,Desktop,45-54,Other
CUST0343,2024-08-29,2025-03-19,1,1254.6,3,450.19,Email,Australia,Tablet,18-24,Male
CUST0344,2024-07-08,2024-09-12,1,10164.69,28,419.78,Paid Ads,Germany,Mobile,25-34,Other
CUST0345,2025-06-04,2025-07-06,0,10960.72,33,351.91,Paid Ads,Australia,Desktop,45-54,Male
CUST0346,2023-09-15,2025-07-31,0,14586.66,30,414.52,Referral,Australia,Desktop,18-24,Other
CUST0347,2025-08-02,2025-10-11,0,933.52,11,96.48,Social Media,UK,Tablet,25-34,Female
CUST0348,2025-05-19,2025-07-28,0,7435.01,44,156.06,Social Media,Australia,Mobile,35-44,Female
CUST0349,2023-04-24,2023-04-28,1,8933.65,36,259.9,Referral,UK,Mobile,55+,Other
CUST0350,2023-06-22,2025-06-21,0,3598.28,15,221.82,Social Media,India,Desktop,35-44,Male
CUST0351,2024-07-08,2024-10-20,1,1794.57,6,257.32,Referral,Australia,Mobile,35-44,Other
CUST0352,2024-11-01,2024-12-22,1,2114.44,4,473.89,Paid Ads,Germany,Mobile,35-44,Male
CUST0353,2023-04-11,2025-05-08,1,3394.31,37,83.42,Paid Ads,India,Desktop,35-44,Other
CUST0354,2023-03-10,2024-09-29,1,113.83,1,137.5,Email,Germany,Mobile,25-34,Other
CUST0355,2024-03-19,2025-05-02,1,4499.61,11,421.37,Paid Ads,Australia,Mobile,45-54,Other
CUST0356,2024-08-28,2025-01-13,1,3704.76,46,96.23,Social Media,UK,Tablet,35-44,Other
CUST0357,2024-07-17,2024-08-15,1,7257.64,41,174.42,Referral,UK,Desktop,55+,Male
CUST0358,2024-03-16,2025-04-02,1,1241.3,10,109.11,Referral,Australia,Tablet,35-44,Other
CUST0359,2024-06-25,2024-10-19,1,3424.75,13,248.58,Email,UK,Tablet,55+,Female
CUST0360,2024-03-01,2024-09-18,1,1026.65,14,75.38,Email,Australia,Mobile,55+,Other
CUST0361,2025-01-16,2025-02-27,1,8357.95,30,261.69,Paid Ads,India,Desktop,18-24,Male
CUST0362,2023-01-12,2025-07-03,0,11901.45,30,453.36,Social Media,USA,Tablet,35-44,Other
CUST0363,2025-04-24,2025-06-16,0,10083.73,36,320.44,Referral,Australia,Desktop,18-24,Male
CUST0364,2023-11-14,2024-09-13,1,1853.16,21,87.32,Email,UK,Desktop,55+,Female
CUST0365,2025-04-17,2025-11-07,0,9280.35,28,388.27,Referral,UK,Desktop,18-24,Female
CUST0366,2025-10-26,2025-10-30,0,750.48,15,61.68,Email,India,Mobile,55+,Male
CUST0367,2023-10-05,2025-04-07,1,13394.35,34,459.77,Referral,USA,Mobile,25-34,Other
CUST0368,2025-04-06,2025-07-27,0,13567.62,40,387.67,Paid Ads,USA,Desktop,25-34,Other
CUST0369,2023-04-01,2024-05-05,1,20357.9,46,380.18,Paid Ads,India,Tablet,45-54,Female
CUST0370,2024-07-19,2025-03-31,1,11470.99,48,275.65,Social Media,Australia,Tablet,55+,Other
CUST0371,2023-04-02,2025-05-02,1,2061.18,15,129.9,Social Media,USA,Desktop,55+,Other
CUST0372,2022-12-26,2023-12-27,1,1725.04,12,120.56,Referral,USA,Mobile,25-34,Male
CUST0373,2025-05-16,2025-09-07,0,8498.3,41,174.64,Social Media,Australia,Desktop,25-34,Other
CUST0374,2025-04-05,2025-09-16,0,675.8,4,161.56,Paid Ads,Australia,Mobile,18-24,Male
CUST0375,2025-03-10,2025-09-02,0,12871.19,29,381.32,Paid Ads,India,Desktop,45-54,Other
CUST0376,2024-03-31,2025-05-19,1,14851.68,42,343.01,Referral,UK,Mobile,18-24,Other
CUST0377,2024-08-05,2025-04-29,1,9088.1,39,222.03,Paid Ads,UK,Tablet,25-34,Male
CUST0378,2025-07-03,2025-07-24,0,1589.6,45,36.87,Email,Australia,Desktop,18-24,Other
CUST0379,2024-07-13,2024-12-06,1,14689.19,46,267.38,Social Media,Germany,Desktop,55+,Female
CUST0380,2023-06-21,2025-05-07,1,1204.83,24,43.7,Email,UK,Mobile,45-54,Other
CUST0381,2024-12-17,2025-07-18,0,478.37,4,110.23,Referral,Germany,Desktop,45-54,Other
CUST0382,2023-08-06,2025-08-14,0,11812.04,47,288.88,Social Media,Australia,Mobile,35-44,Female
CUST0383,2024-02-03,2024-10-26,1,1087.97,8,141.78,Email,India,Mobile,25-34,Female
CUST0384,2023-02-27,2025-07-06,0,7931.08,25,305.12,Email,Australia,Mobile,55+,Female
CUST0385,2025-08-07,2025-10-23,0,563.91,27,21.42,Email,Germany,Desktop,25-34,Other
CUST0386,2024-12-16,2025-03-30,1,624.77,20,26.45,Paid Ads,UK,Mobile,45-54,Other
CUST0387,2025-05-20,2025-06-19,0,2310.93,10,199.06,Referral,India,Mobile,18-24,Female
CUST0388,2023-08-21,2025-08-10,0,9666.17,32,260.4,Email,USA,Mobile,18-24,Male
CUST0389,2025-04-13,2025-10-29,0,348.25,3,101.19,Referral,USA,Desktop,18-24,Female
CUST0390,2025-09-25,2025-10-09,0,1124.7,20,47.89,Referral,India,Mobile,35-44,Female
CUST0391,2024-01-17,2025-06-26,0,4773.48,19,268.17,Email,Germany,Mobile,35-44,Male
CUST0392,2024-06-14,2024-12-16,1,17499.09,50,434.13,Referral,USA,Desktop,25-34,Other
CUST0393,2024-11-04,2025-09-17,0,2328.55,10,195.35,Email,UK,Desktop,18-24,Female
CUST0394,2023-10-17,2025-05-03,1,14417.34,27,462.95,Social Media,UK,Desktop,18-24,Female
CUST0395,2025-03-27,2025-04-19,1,120.25,1,122.33,Social Media,India,Tablet,55+,Male
CUST0396,2024-04-25,2024-09-19,1,7343.35,41,175.21,Social Media,USA,Tablet,45-54,Male
CUST0397,2025-03-22,2025-05-05,1,13520.51,50,247.07,Paid Ads,Germany,Desktop,18-24,Female
CUST0398,2024-07-20,2025-01-21,1,2842.09,13,257.13,Paid Ads,Australia,Mobile,45-54,Female
CUST0399,2023-12-30,2024-05-19,1,1329.54,11,137.81,Referral,India,Desktop,55+,Female
CUST0400,2025-07-27,2025-07-30,0,21544.26,47,468.54,Referral,Australia,Tablet,55+,Male
CUST0401,2025-06-22,2025-10-16,0,6433.3,24,298.73,Email,India,Tablet,45-54,Male
CUST0402,2024-08-26,2025-05-29,0,3738.34,19,172.05,Email,USA,Desktop,55+,Female
CUST0403,2025-09-21,2025-11-16,0,10530.49,28,376.77,Referral,UK,Desktop,55+,Female
CUST0404,2023-02-09,2024-02-14,1,13687.27,44,306.46,Email,USA,Mobile,25-34,Female
CUST0405,2024-04-05,2024-12-01,1,10802.87,34,309.98,Email,USA,Mobile,25-34,Other
CUST0406,2025-10-13,2025-11-04,0,7619.36,30,232.64,Email,Germany,Tablet,18-24,Male
CUST0407,2023-04-23,2025-08-15,0,989.53,15,81.06,Social Media,India,Desktop,18-24,Male
CUST0408,2024-01-21,2025-03-26,1,2729.21,23,112.9,Email,India,Mobile,45-54,Female
CUST0409,2024-04-15,2025-05-04,1,11483.78,28,372.63,Referral,UK,Desktop,55+,Female
CUST0410,2025-05-27,2025-11-07,0,8696.98,24,336.47,Email,India,Desktop,25-34,Other
CUST0411,2024-02-01,2025-11-05,0,2042.4,5,387.3,Referral,Australia,Mobile,25-34,Female
CUST0412,2025-03-26,2025-07-24,0,5196.44,39,125.11,Referral,India,Desktop,18-24,Male
CUST0413,2025-07-27,2025-10-02,0,12260.07,26,425.23,Paid Ads,Australia,Desktop,35-44,Female
CUST0414,2024-07-21,2024-12-14,1,15540.82,45,384.71,Referral,USA,Mobile,25-34,Other
CUST0415,2024-03-22,2025-09-06,0,14071.98,46,281.94,Paid Ads,India,Desktop,25-34,Other
CUST0416,2023-04-15,2023-08-10,1,11954.66,38,371.66,Referral,USA,Tablet,18-24,Other
CUST0417,2024-07-05,2024-07-13,1,210.65,1,226.93,Social Media,Australia,Tablet,18-24,Male
CUST0418,2023-01-31,2023-06-09,1,1054.62,4,270.82,Email,USA,Tablet,25-34,Other
CUST0419,2024-04-24,2025-02-18,1,11008.8,22,456.47,Referral,India,Tablet,45-54,Other
CUST0420,2023-11-20,2024-02-20,1,5789.44,34,148.31,Email,India,Mobile,35-44,Female
CUST0421,2023-07-17,2025-11-16,0,14985.7,49,278.83,Referral,UK,Tablet,25-34,Other
CUST0422,2024-09-30,2024-12-29,1,1647.37,30,66.82,Referral,USA,Tablet,45-54,Male
CUST0423,2023-05-18,2024-01-21,1,6266.25,21,293.09,Referral,India,Tablet,18-24,Other
CUST0424,2025-03-26,2025-06-20,0,9879.81,45,198.86,Referral,USA,Desktop,55+,Other
CUST0425,2024-11-25,2025-09-28,0,3290.53,19,166.2,Referral,Germany,Mobile,35-44,Male
CUST0426,2024-10-22,2024-11-23,1,20921.16,50,426.52,Paid Ads,Germany,Desktop,45-54,Male
CUST0427,2023-11-24,2024-08-01,1,6477.22,30,228.54,Referral,India,Tablet,45-54,Male
CUST0428,2023-01-26,2025-05-21,0,11656.96,49,267.79,Referral,UK,Tablet,45-54,Other
CUST0429,2025-11-13,2025-11-16,0,4630.12,12,325.37,Paid Ads,Australia,Tablet,25-34,Other
CUST0430,2024-08-25,2025-04-10,1,13035.54,41,279.31,Social Media,Germany,Desktop,55+,Female
CUST0431,2023-12-10,2025-10-20,0,2311.33,8,242.47,Referral,UK,Desktop,18-24,Female
CUST0432,2024-02-17,2025-09-28,0,746.15,3,268.25,Email,Australia,Mobile,55+,Other
CUST0433,2025-08-01,2025-10-27,0,1196.01,10,141.82,Email,Germany,Desktop,45-54,Female
CUST0434,2023-08-20,2024-05-25,1,12014.18,34,330.28,Paid Ads,Australia,Desktop,45-54,Other
CUST0435,2023-09-15,2024-11-08,1,15919.6,38,459.53,Paid Ads,Australia,Mobile,35-44,Female
CUST0436,2023-02-02,2023-02-13,1,7980.52,17,431.65,Referral,Germany,Mobile,35-44,Male
CUST0437,2024-11-20,2025-06-04,0,8176.93,42,239.68,Paid Ads,USA,Tablet,18-24,Female
CUST0438,2024-01-14,2024-12-05,1,1566.89,24,64.87,Paid Ads,India,Mobile,18-24,Other
CUST0439,2024-08-08,2025-07-09,0,11685.49,23,432.1,Social Media,UK,Mobile,55+,Other
CUST0440,2023-11-17,2025-10-19,0,3569.36,7,435.8,Paid Ads,India,Desktop,35-44,Female
CUST0441,2025-08-22,2025-09-08,0,1598.19,38,47.44,Email,USA,Desktop,25-34,Female
CUST0442,2024-10-24,2024-11-22,1,1070.78,23,49.37,Email,UK,Mobile,55+,Male
CUST0443,2024-10-10,2025-03-05,1,3181.24,28,117.55,Paid Ads,UK,Desktop,25-34,Other
CUST0444,2023-03-14,2023-07-02,1,3214.33,48,70.12,Referral,USA,Tablet,25-34,Male
CUST0445,2024-11-01,2025-11-13,0,2406.71,5,415.62,Social Media,Germany,Desktop,45-54,Male
CUST0446,2023-03-14,2023-11-19,1,4273.63,38,139.66,Social Media,UK,Desktop,25-34,Female
CUST0447,2023-07-03,2024-09-25,1,7737.36,28,260.55,Social Media,UK,Mobile,55+,Female
CUST0448,2023-04-28,2023-08-30,1,13148.01,34,452.88,Referral,UK,Tablet,55+,Male
CUST0449,2024-07-22,2024-11-21,1,6313.43,16,390.73,Social Media,Australia,Mobile,55+,Other
CUST0450,2023-06-01,2025-02-20,1,5849.16,46,111.0,Paid Ads,Australia,Tablet,55+,Other
CUST0451,2023-11-14,2025-02-25,1,11267.68,26,392.02,Social Media,Australia,Tablet,25-34,Other
CUST0452,2025-03-17,2025-08-30,0,18189.86,45,451.64,Referral,USA,Desktop,25-34,Male
CUST0453,2024-12-11,2025-01-28,1,1456.15,5,353.66,Social Media,India,Mobile,35-44,Male
CUST0454,2023-11-24,2024-07-18,1,1622.36,9,186.88,Referral,Germany,Desktop,35-44,Male
CUST0455,2024-01-08,2024-03-29,1,9333.34,44,196.32,Paid Ads,Australia,Tablet,35-44,Male
CUST0456,2024-01-18,2025-01-07,1,244.5,1,274.57,Referral,Germany,Tablet,45-54,Other
CUST0457,2025-09-20,2025-10-03,0,2658.65,7,444.61,Social Media,Germany,Desktop,45-54,Other
CUST0458,2025-07-04,2025-07-28,0,9693.36,40,212.73,Referral,UK,Tablet,45-54,Male
CUST0459,2023-03-23,2025-02-17,1,3806.52,43,88.25,Email,USA,Desktop,35-44,Male
CUST0460,2025-01-24,2025-09-18,0,2818.77,33,79.66,Referral,Germany,Tablet,45-54,Male
CUST0461,2024-01-04,2025-08-06,0,2167.28,7,289.31,Email,UK,Desktop,35-44,Female
CUST0462,2023-07-09,2025-09-14,0,15626.29,32,462.79,Referral,Germany,Mobile,18-24,Male
CUST0463,2024-12-09,2025-03-05,1,17064.75,36,424.64,Email,UK,Tablet,25-34,Other
CUST0464,2025-01-07,2025-11-13,0,1748.21,4,412.11,Paid Ads,Australia,Mobile,45-54,Male
CUST0465,2025-05-13,2025-10-17,0,2544.61,17,147.7,Social Media,UK,Tablet,25-34,Other
CUST0466,2024-05-20,2025-09-30,0,138.78,4,32.46,Email,USA,Desktop,35-44,Female
CUST0467,2023-06-07,2024-08-24,1,4535.95,9,456.52,Paid Ads,Germany,Mobile,55+,Male
CUST0468,2023-08-11,2023-12-06,1,3889.72,10,469.85,Social Media,UK,Mobile,35-44,Other
CUST0469,2024-03-05,2025-10-05,0,13315.18,40,351.56,Social Media,India,Tablet,25-34,Female
CUST0470,2025-05-22,2025-07-12,0,3194.79,6,497.35,Email,Australia,Mobile,25-34,Male
CUST0471,2024-10-29,2025-06-06,0,5950.65,25,255.08,Social Media,Germany,Desktop,25-34,Female
CUST0472,2024-11-14,2025-02-15,1,2250.07,9,214.09,Social Media,UK,Mobile,55+,Female
CUST0473,2025-07-29,2025-10-13,0,20129.4,39,470.15,Paid Ads,Australia,Tablet,45-54,Other
CUST0474,2024-09-27,2025-03-01,1,15803.21,40,391.87,Email,UK,Desktop,55+,Male
CUST0475,2024-12-19,2025-02-01,1,21165.97,47,471.64,Paid Ads,Australia,Tablet,55+,Other
CUST0476,2023-08-13,2025-11-11,0,8556.66,42,199.57,Social Media,Australia,Mobile,45-54,Other
CUST0477,2025-02-03,2025-04-14,1,19064.12,33,490.19,Email,India,Mobile,35-44,Female
CUST0478,2024-02-09,2024-12-17,1,652.72,35,22.74,Paid Ads,Australia,Mobile,18-24,Female
CUST0479,2025-02-07,2025-08-14,0,2837.77,15,224.75,Email,Germany,Tablet,45-54,Female
CUST0480,2023-09-10,2024-05-15,1,3006.31,16,222.18,Social Media,USA,Tablet,18-24,Other
CUST0481,2023-02-10,2023-05-01,1,14265.13,48,367.32,Social Media,Germany,Tablet,35-44,Female
CUST0482,2023-06-13,2023-11-21,1,18749.07,47,370.59,Email,UK,Desktop,25-34,Other
CUST0483,2024-05-27,2025-11-09,0,4763.61,11,464.93,Email,UK,Desktop,18-24,Female
CUST0484,2024-06-16,2024-07-18,1,10717.87,32,285.12,Paid Ads,UK,Mobile,35-44,Male
CUST0485,2024-09-16,2025-09-06,0,5121.47,24,213.6,Email,India,Tablet,25-34,Female
CUST0486,2024-03-24,2025-10-20,0,6016.91,23,296.35,Referral,India,Mobile,25-34,Female
CUST0487,2025-07-21,2025-10-08,0,13586.76,48,294.23,Referral,Germany,Tablet,18-24,Female
CUST0488,2024-08-01,2025-10-23,0,3820.92,44,76.39,Email,Australia,Mobile,35-44,Male
CUST0489,2024-11-26,2025-10-08,0,7157.78,20,308.98,Referral,India,Mobile,45-54,Female
CUST0490,2022-12-27,2025-07-22,0,3298.11,8,400.31,Referral,Australia,Mobile,18-24,Female
CUST0491,2025-11-01,2025-11-04,0,15523.81,36,399.23,Email,Australia,Tablet,45-54,Other
CUST0492,2022-12-02,2025-05-06,1,1324.33,39,37.89,Email,UK,Mobile,45-54,Female
CUST0493,2024-08-28,2024-09-15,1,1131.74,35,32.89,Email,Australia,Mobile,35-44,Female
CUST0494,2023-08-06,2025-07-10,0,6418.93,45,121.66,Email,USA,Mobile,25-34,Male
CUST0495,2023-01-25,2023-07-06,1,930.6,5,196.32,Referral,USA,Mobile,25-34,Male
CUST0496,2025-05-17,2025-09-29,0,4846.26,35,151.76,Email,India,Desktop,35-44,Other
CUST0497,2023-08-27,2023-11-08,1,929.59,9,116.36,Referral,Germany,Desktop,35-44,Female
CUST0498,2024-11-25,2025-09-23,0,9435.04,22,376.75,Social Media,Germany,Mobile,18-24,Male
CUST0499,2023-12-30,2025-03-29,1,991.96,3,376.71,Paid Ads,USA,Mobile,25-34,Male
CUST0500,2023-09-11,2023-12-28,1,2282.55,10,260.03,Referral,Germany,Desktop,35-44,Male
